etf_code,date,datetime,minute_idx,fwd_ret_1m,horizon_min,pred_ret,pred_dir,confidence,signed_ret_bps,net_signed_ret_bps,fwd_ret_2m,fwd_ret_3m,fwd_ret_4m,fwd_ret_5m,breadth_diff_1,ret_oc,gap_abs,open30_flip_rate,open30_abs_bdiff_mean,open30_trendness,pred_sign,breadth_sign,breadth_align,conf_q,shock_q,flip_q,bdiff_q,trend_min,gap_q,conf_thr,shock_thr,flip_thr,bdiff_thr,gap_thr
510300.XSHG,2023-10-18,2023-10-18 13:14:00,133,,5,0.0012498386657084565,1.0,0.0012969445911051357,27.137058715961043,21.137058715961043,,,,0.002713705871596104,583.0,-0.002713705871596162,0.0026127885059931064,0.5666666666666667,1069.2758620689656,0.3333333333333265,1.0,1.0,True,0.99,0.9,0.7,1.0,0.0,0.0,0.0012444164727723635,1606.6000000000001,0.6333333333333333,1902.2068965517242,
510300.XSHG,2023-10-19,2023-10-19 13:50:00,169,,5,0.0012054655391379307,1.0,0.0012512272937436673,0.0,-6.0,,,,0.0,755.0,-0.002766253492890185,0.08186582383991707,0.5333333333333333,1131.344827586207,0.1667809003029335,1.0,1.0,True,0.99,0.9,0.7,1.0,0.1,0.0,0.0012448607336622253,1606.6000000000001,0.6333333333333333,1902.2068965517242,
510300.XSHG,2023-10-25,2023-10-25 11:27:00,116,,5,0.0012210059738565213,1.0,0.001267192277048824,27.97204621061219,21.97204621061219,,,,0.002797204621061219,165.0,-0.002797204621061254,0.04157274213500264,0.6333333333333333,1484.7931034482758,0.1111796454234386,1.0,1.0,True,0.99,0.9,0.7,1.0,0.1,0.0,0.0012505380238537931,1638.3999999999999,0.6333333333333333,1917.448275862069,
510300.XSHG,2023-10-25,2023-10-25 13:34:00,153,,5,0.0013166792406674062,1.0,0.0013664845224748332,27.97204621061219,21.97204621061219,,,,0.002797204621061219,839.0,-0.002797204621061254,0.012584376921040896,0.6333333333333333,1484.7931034482758,0.1111796454234386,1.0,1.0,True,0.99,0.9,0.7,1.0,0.1,0.0,0.0012505380238537931,1638.3999999999999,0.6333333333333333,1917.448275862069,
510300.XSHG,2023-10-25,2023-10-25 14:49:00,228,,5,0.0012600384640843426,1.0,0.0013077012272339368,0.0,-6.0,,,,0.0,356.0,-0.002797204621061254,0.07312470427264807,0.6333333333333333,1484.7931034482758,0.1111796454234386,1.0,1.0,True,0.99,0.9,0.7,1.0,0.1,0.0,0.0012505380238537931,1638.3999999999999,0.6333333333333333,1917.448275862069,
510300.XSHG,2023-10-26,2023-10-26 11:05:00,94,,5,0.0012107161532230585,1.0,0.0012569547792474945,0.0,-6.0,,,,0.0,544.0,-0.0028129413766147236,0.09758153594093952,0.6,1633.1379310344828,0.333956096097358,1.0,1.0,True,0.99,0.9,0.7,1.0,0.1,0.0,0.00125640221753997,1638.3999999999999,0.6333333333333333,1917.448275862069,
510300.XSHG,2023-10-27,2023-10-27 14:54:00,233,,5,0.001325441713393994,1.0,0.0013761924206636355,27.51033371890019,21.51033371890019,,,,0.0027510333718900187,267.0,-0.002751033371889982,0.03391474145867499,0.6333333333333333,1387.2758620689656,0.501045785177253,1.0,1.0,True,0.99,0.9,0.7,1.0,0.1,0.0,0.0012566494673707028,1627.8000000000004,0.6333333333333333,1917.448275862069,
510300.XSHG,2023-11-08,2023-11-08 10:01:00,30,,5,0.0013352432874589309,1.0,0.0013894698729348494,0.0,-6.0,,,,0.0,727.0,-0.0027063615977430252,0.17965217440562478,0.6,1006.8275862068965,0.33303249060681894,1.0,1.0,True,0.99,0.9,0.7,1.0,0.0,0.0,0.0012682532060481885,1574.8000000000004,0.6333333333333333,1917.448275862069,
510300.XSHG,2023-11-09,2023-11-09 13:17:00,136,,5,0.0012721140474622546,1.0,0.0013247122987571406,0.0,-6.0,,,,0.0,527.0,-0.002713705871596162,0.0445676180054724,0.6,1103.655172413793,0.14307841266198343,1.0,1.0,True,0.99,0.9,0.7,1.0,0.0,0.0,0.0012697611072592936,1574.8000000000004,0.6333333333333333,1917.448275862069,
510300.XSHG,2023-11-09,2023-11-09 14:41:00,220,,5,0.0013520466519865537,1.0,0.001407949886217373,27.137058715961043,21.137058715961043,,,,0.002713705871596104,223.0,-0.002713705871596162,0.07678777994567024,0.6,1103.655172413793,0.14307841266198343,1.0,1.0,True,0.99,0.9,0.7,1.0,0.0,0.0,0.0012697611072592936,1574.8000000000004,0.6333333333333333,1917.448275862069,
510300.XSHG,2023-11-10,2023-11-10 13:20:00,139,,5,0.001264662078976021,1.0,0.0013178805442703812,0.0,-6.0,,,,0.0,164.0,-0.00273597981887486,0.053213586768989594,0.5333333333333333,1244.448275862069,0.1997813607554986,1.0,1.0,True,0.99,0.9,0.7,1.0,0.0,0.0,0.0012709260537566048,1564.2000000000003,0.6333333333333333,1917.448275862069,
510300.XSHG,2023-11-13,2023-11-13 14:10:00,189,,5,0.0012850241248676963,1.0,0.0013396087200798594,27.434859457508338,21.434859457508338,,,,0.002743485945750834,167.0,-0.0027434859457508326,0.05457382742828895,0.6,1221.3103448275863,0.3330300269205099,1.0,1.0,True,0.99,0.9,0.7,1.0,0.0,0.0,0.0012722194741237975,1660.1000000000001,0.6333333333333333,1917.448275862069,
510300.XSHG,2023-11-14,2023-11-14 14:53:00,232,,5,0.0014050094272054453,1.0,0.0014651886572778915,0.0,-6.0,,,,0.0,217.0,-0.00273597981887486,0.08684076610999165,0.5666666666666667,1061.1379310344828,6.755117444801197e-15,1.0,1.0,True,0.99,0.9,0.7,1.0,0.0,0.0,0.0012723352328345388,1649.0,0.6333333333333333,1917.448275862069,
510300.XSHG,2023-11-27,2023-11-27 14:08:00,187,,5,0.0013427426591074482,1.0,0.0014027016685160235,27.97204621061219,21.97204621061219,,,,0.002797204621061219,1178.0,-0.002797204621061254,0.04878775304777119,0.5666666666666667,894.6551724137931,1.0,1.0,1.0,True,0.99,0.9,0.7,1.0,0.0,0.0,0.0012860265931123685,1704.5,0.6333333333333333,1917.448275862069,
510300.XSHG,2023-11-27,2023-11-27 14:54:00,233,,5,0.0014833987865151292,1.0,0.0015496386733572234,27.894020875785923,21.894020875785923,,,,0.0027894020875785922,633.0,-0.0027894020875785254,0.09572108155204004,0.5666666666666667,894.6551724137931,1.0,1.0,1.0,True,0.99,0.9,0.7,1.0,0.0,0.0,0.0012860265931123685,1704.5,0.6333333333333333,1917.448275862069,
510300.XSHG,2023-11-29,2023-11-29 11:27:00,116,,5,0.001294977854250492,1.0,0.0013552349969067057,28.050509276084604,22.050509276084604,,,,0.0028050509276084604,252.0,-0.0028050509276086096,0.06096192407731168,0.5666666666666667,1290.8620689655172,1.0,1.0,1.0,True,0.99,0.9,1.0,0.9,0.2,0.0,0.0012889690696397773,1671.2000000000003,0.8,1514.3103448275863,
510300.XSHG,2023-11-29,2023-11-29 14:10:00,189,,5,0.0015266417417145312,1.0,0.001597678531195897,0.0,-6.0,,,,0.0,429.0,-0.0028129413766147236,0.21694401793634707,0.5666666666666667,1290.8620689655172,1.0,1.0,1.0,True,0.99,0.9,1.0,0.9,0.2,0.0,0.0012889690696397773,1671.2000000000003,0.8,1514.3103448275863,
510300.XSHG,2023-12-06,2023-12-06 11:01:00,90,,5,0.001374884635579733,1.0,0.0014373420413425458,0.0,-6.0,,,,0.0,423.0,-0.002877699827615058,0.07624512705027438,0.5666666666666667,1642.2413793103449,9.22125952287479e-15,1.0,1.0,True,0.99,0.9,0.7,1.0,0.0,0.0,0.0012969174055743455,1748.8999999999999,0.6333333333333333,1917.448275862069,
510300.XSHG,2023-12-06,2023-12-06 11:29:00,118,,5,0.0013324659651040927,1.0,0.00139299640183601,0.0,-6.0,,,,0.0,328.0,-0.0028860048891349867,0.02071745695193504,0.5666666666666667,1642.2413793103449,9.22125952287479e-15,1.0,1.0,True,0.99,0.9,0.7,1.0,0.0,0.0,0.0012969174055743455,1748.8999999999999,0.6333333333333333,1917.448275862069,
510300.XSHG,2023-12-07,2023-12-07 10:45:00,74,,5,0.0013253822411897042,1.0,0.0013856911661054806,0.0,-6.0,,,,0.0,711.0,-0.0029027596579614626,0.10331281862685364,0.5666666666666667,1079.103448275862,0.3339777679400575,1.0,1.0,True,0.99,0.9,0.7,0.9,0.0,0.0,0.0012997346186074876,1737.8000000000004,0.6333333333333333,1550.5724137931034,
510300.XSHG,2023-12-12,2023-12-12 10:46:00,75,,5,0.0013425622734414007,1.0,0.0014044771643391394,28.694424279529606,22.694424279529606,,,,0.0028694424279529607,482.0,-0.0028694424279529316,0.015256386981629691,0.6333333333333333,1010.9655172413793,1.0,1.0,1.0,True,0.99,0.9,0.7,1.0,0.1,0.0,0.001307850307143396,1762.6000000000001,0.6366666666666666,1917.448275862069,
510300.XSHG,2023-12-12,2023-12-12 13:29:00,148,,5,0.001322064975536365,1.0,0.0013830345933629072,0.0,-6.0,,,,0.0,46.0,-0.0028694424279529316,0.07617106091455592,0.6333333333333333,1010.9655172413793,1.0,1.0,1.0,True,0.99,0.9,0.7,1.0,0.1,0.0,0.001307850307143396,1762.6000000000001,0.6366666666666666,1917.448275862069,
510300.XSHG,2023-12-15,2023-12-15 10:33:00,62,,5,0.001341025114926581,1.0,0.001403262285130797,28.94358026364335,22.94358026364335,,,,0.0028943580263643353,182.0,-0.0028943580263644146,0.01409718821504366,0.43333333333333335,1133.5172413793102,0.1428571428571457,1.0,1.0,True,0.99,0.9,0.7,1.0,0.1,0.0,0.0013137199920325868,1788.0,0.6333333333333333,1917.448275862069,
510300.XSHG,2023-12-15,2023-12-15 11:28:00,117,,5,0.0013393655759917854,1.0,0.0014015257267531915,-29.1121020745833,-35.112102074583305,,,,-0.00291121020745833,53.0,-0.0029027596579614626,0.01891327807788759,0.43333333333333335,1133.5172413793102,0.1428571428571457,1.0,1.0,True,0.99,0.9,0.7,1.0,0.1,0.0,0.0013137199920325868,1788.0,0.6333333333333333,1917.448275862069,
510300.XSHG,2023-12-15,2023-12-15 13:02:00,121,,5,0.0012556521900811998,1.0,0.0013139271904533281,0.0,-6.0,,,,0.0,518.0,-0.00291121020745833,0.250233443880592,0.43333333333333335,1133.5172413793102,0.1428571428571457,1.0,1.0,True,0.99,0.9,0.7,1.0,0.1,0.0,0.0013137199920325868,1788.0,0.6333333333333333,1917.448275862069,
510300.XSHG,2023-12-15,2023-12-15 13:13:00,132,,5,0.001291509667192173,1.0,0.0013514488182809503,29.19710103334846,23.19710103334846,,,,0.002919710103334846,216.0,-0.0029197101033348618,0.1751463276325142,0.43333333333333335,1133.5172413793102,0.1428571428571457,1.0,1.0,True,0.99,0.9,0.7,1.0,0.1,0.0,0.0013137199920325868,1788.0,0.6333333333333333,1917.448275862069,
510300.XSHG,2023-12-15,2023-12-15 13:16:00,135,,5,0.0014017756468565703,1.0,0.0014668322580642683,0.0,-6.0,,,,0.0,325.0,-0.0029197101033348618,0.009069283607356962,0.43333333333333335,1133.5172413793102,0.1428571428571457,1.0,1.0,True,0.99,0.9,0.7,1.0,0.1,0.0,0.0013137199920325868,1788.0,0.6333333333333333,1917.448275862069,
510300.XSHG,2023-12-15,2023-12-15 14:00:00,179,,5,0.0013600487686153716,1.0,0.0014231688293481516,29.282597790883596,23.282597790883596,,,,0.0029282597790883597,322.0,-0.002928259779088334,0.10281073393160349,0.43333333333333335,1133.5172413793102,0.1428571428571457,1.0,1.0,True,0.99,0.9,0.7,1.0,0.1,0.0,0.0013137199920325868,1788.0,0.6333333333333333,1917.448275862069,
510300.XSHG,2023-12-18,2023-12-18 10:43:00,72,,5,0.0014281501857629378,1.0,0.0014941377915430798,29.282597790883596,23.282597790883596,,,,0.0029282597790883597,539.0,-0.002928259779088334,0.08860324504141885,0.6333333333333333,1077.0689655172414,0.16711578528686005,1.0,1.0,True,0.99,0.9,1.0,0.9,0.1,0.3,0.0013165986716354686,1822.8000000000002,0.8,1490.696551724138,0.04678700789141836
510300.XSHG,2023-12-26,2023-12-26 10:47:00,76,,5,0.0013258793019278934,1.0,0.0013874665091257723,0.0,-6.0,,,,0.0,1049.0,-0.002945510229756803,0.10072619603374211,0.6333333333333333,1481.103448275862,0.2000000000000195,1.0,1.0,True,0.99,0.9,1.0,0.9,0.1,0.3,0.001336465835233934,2006.8000000000004,0.8,1609.0551724137931,0.04703360676763458
510300.XSHG,2023-12-26,2023-12-26 14:40:00,219,,5,0.001421180814643295,1.0,0.0014871947852738187,0.0,-6.0,,,,0.0,397.0,-0.002945510229756803,0.08344757832315895,0.6333333333333333,1481.103448275862,0.2000000000000195,1.0,1.0,True,0.99,0.9,1.0,0.9,0.1,0.3,0.001336465835233934,2006.8000000000004,0.8,1609.0551724137931,0.04703360676763458
510300.XSHG,2023-12-27,2023-12-27 13:29:00,148,,5,0.001380124971513944,1.0,0.001444316922978477,29.368596733097057,23.368596733097057,,,,0.0029368596733097057,1226.0,-0.002936859673309825,0.11857864876799366,0.6333333333333333,1439.4827586206898,0.19976394182337678,1.0,1.0,True,0.99,0.9,1.0,0.9,0.1,0.3,0.0013384107767199004,1926.4000000000012,0.8,1600.7586206896551,0.0462061075190786
510300.XSHG,2024-01-03,2024-01-03 13:52:00,171,,5,0.0013594901629105265,1.0,0.0014236792631757054,29.11210207458313,23.11210207458313,,,,0.002911210207458313,633.0,-0.00291121020745833,0.15424005524280654,0.43333333333333335,1136.9655172413793,0.19999999999998685,1.0,1.0,True,0.99,0.9,1.0,0.9,0.1,0.3,0.0013456972148434452,1926.4000000000012,0.8,1638.0931034482758,0.04372360977341066
510300.XSHG,2024-01-05,2024-01-05 11:12:00,101,,5,0.0012992400766389063,1.0,0.0013612847859602603,29.19710103334846,23.19710103334846,,,,0.002919710103334846,55.0,-0.0029197101033348618,0.21053918728728707,0.5666666666666667,1389.8620689655172,0.33398469522165325,1.0,1.0,True,0.99,0.9,1.0,1.0,0.1,0.5,0.0013510812386143337,2011.0,0.8,2188.6206896551726,0.08192935613519883
510300.XSHG,2024-01-08,2024-01-08 10:13:00,42,,5,0.001340955654593208,1.0,0.001403489509863335,0.0,-6.0,,,,0.0,1217.0,-0.0029629651306569606,0.19009177295056728,0.5,1828.2068965517242,0.1114755186533426,1.0,1.0,True,0.99,0.9,1.0,1.0,0.1,0.5,0.0013552941591285124,2031.6000000000004,0.8,1936.1379310344828,0.08192935613519883
510300.XSHG,2024-01-08,2024-01-08 14:03:00,182,,5,0.0013644028945606448,1.0,0.001428030183685639,59.52398527295352,53.52398527295352,,,,0.005952398527295352,155.0,-0.0029806281381377893,0.22833190864820713,0.5,1828.2068965517242,0.1114755186533426,1.0,1.0,True,0.99,0.9,1.0,1.0,0.1,0.5,0.0013552941591285124,2031.6000000000004,0.8,1936.1379310344828,0.08192935613519883
510300.XSHG,2024-01-09,2024-01-09 13:07:00,126,,5,0.0013072101753168499,1.0,0.0013687522774106721,0.0,-6.0,,,,0.0,79.0,-0.002971770389157593,0.26993386037403644,0.4666666666666667,1844.4827586206898,0.14285714285713144,1.0,1.0,True,0.99,0.9,1.0,1.0,0.1,0.5,0.001357783032980918,2093.4000000000005,0.8,1936.1379310344828,0.08268846722917889
510300.XSHG,2024-01-12,2024-01-12 10:59:00,88,,5,0.0013283825015342283,1.0,0.0013894415442477406,0.0,-6.0,,,,0.0,623.0,-0.0029629651306569606,0.1727577644241577,0.6333333333333333,1815.2068965517242,0.3339950381981739,1.0,1.0,True,0.99,0.9,1.0,1.0,0.1,0.5,0.0013670846455124857,2093.4000000000005,0.7666666666666667,2271.0344827586205,0.08192935613519883
510300.XSHG,2024-01-19,2024-01-19 10:34:00,63,,5,0.0014116962104927613,1.0,0.0014712469534807985,61.34988567515929,55.34988567515929,,,,0.006134988567515929,1331.0,-0.0030721990369701403,0.10864869473017999,0.5,1763.7241379310344,0.3333333333333319,1.0,1.0,True,0.99,0.9,0.7,1.0,0.1,0.3,0.001385870741160836,2083.1000000000004,0.6333333333333333,2402.655172413793,0.06606226344465344
510300.XSHG,2024-01-19,2024-01-19 14:45:00,224,,5,0.0013934964044115677,1.0,0.0014522794100023395,30.534374868902482,24.534374868902482,,,,0.003053437486890248,497.0,-0.0030534374868902317,0.2884008941477628,0.5,1763.7241379310344,0.3333333333333319,1.0,1.0,True,0.99,0.9,0.7,1.0,0.1,0.3,0.001385870741160836,2083.1000000000004,0.6333333333333333,2402.655172413793,0.06606226344465344
510300.XSHG,2024-01-19,2024-01-19 14:54:00,233,,5,0.0014157645063458452,1.0,0.0014754868656058151,30.534374868902482,24.534374868902482,,,,0.003053437486890248,333.0,-0.0030534374868902317,0.1731519721563869,0.5,1763.7241379310344,0.3333333333333319,1.0,1.0,True,0.99,0.9,0.7,1.0,0.1,0.3,0.001385870741160836,2083.1000000000004,0.6333333333333333,2402.655172413793,0.06606226344465344
510300.XSHG,2024-01-23,2024-01-23 14:43:00,222,,5,0.0013670996102808429,1.0,0.0014222964855317042,0.0,-6.0,,,,0.0,449.0,-0.0030911925696729694,0.30717928959418433,0.5333333333333333,2188.103448275862,0.166450068644923,1.0,1.0,True,0.99,0.9,0.7,1.0,0.1,0.3,0.0013959983268897647,2083.1000000000004,0.6333333333333333,2402.655172413793,0.05598867636345142
510300.XSHG,2024-01-24,2024-01-24 10:06:00,35,,5,0.0014127267753391768,1.0,0.0014701847238471595,31.007776782481855,25.007776782481855,,,,0.0031007776782481854,670.0,-0.0031007776782481593,0.41332093503976086,0.6,1932.2758620689656,0.49961449437685324,1.0,1.0,True,0.99,0.9,0.7,1.0,0.1,0.3,0.0013982928262742335,2083.1000000000004,0.6333333333333333,2402.655172413793,0.05622943950863009
510300.XSHG,2024-01-24,2024-01-24 11:23:00,112,,5,0.0013774185645652381,1.0,0.001433440469393741,31.104224143925517,25.104224143925517,,,,0.003110422414392552,150.0,-0.0031104224143925024,0.4875813275366167,0.6,1932.2758620689656,0.49961449437685324,1.0,1.0,True,0.99,0.9,0.7,1.0,0.1,0.3,0.0013982928262742335,2083.1000000000004,0.6333333333333333,2402.655172413793,0.05622943950863009
510300.XSHG,2024-01-24,2024-01-24 13:25:00,144,,5,0.0014411948320659017,1.0,0.0014998106238073249,62.500203451713254,56.500203451713254,,,,0.006250020345171326,641.0,-0.0031298930089277044,0.12836138663050006,0.6,1932.2758620689656,0.49961449437685324,1.0,1.0,True,0.99,0.9,0.7,1.0,0.1,0.3,0.0013982928262742335,2083.1000000000004,0.6333333333333333,2402.655172413793,0.05622943950863009
510300.XSHG,2024-01-30,2024-01-30 10:25:00,54,,5,0.0014456580201259064,1.0,0.0015052945654972355,0.0,-6.0,,,,0.0,1495.0,-0.0030534374868902317,0.3835061236416364,0.6666666666666666,2373.551724137931,0.2500953108606284,1.0,1.0,True,0.99,0.9,1.0,1.0,0.1,0.5,0.0014130063875613843,2062.5,0.7666666666666667,2768.862068965517,0.08860324504141885
510300.XSHG,2024-01-30,2024-01-30 13:02:00,121,,5,0.0014528520007085742,1.0,0.0015127853134643372,30.534374868902482,24.534374868902482,,,,0.003053437486890248,1105.0,-0.0030534374868902317,0.22872555937831351,0.6666666666666666,2373.551724137931,0.2500953108606284,1.0,1.0,True,0.99,0.9,1.0,1.0,0.1,0.5,0.0014130063875613843,2062.5,0.7666666666666667,2768.862068965517,0.08860324504141885
510300.XSHG,2024-01-30,2024-01-30 13:51:00,170,,5,0.0014300680767916454,1.0,0.0014890615030088961,0.0,-6.0,,,,0.0,441.0,-0.003044142381228244,0.21933046576924198,0.6666666666666666,2373.551724137931,0.2500953108606284,1.0,1.0,True,0.99,0.9,1.0,1.0,0.1,0.5,0.0014130063875613843,2062.5,0.7666666666666667,2768.862068965517,0.08860324504141885
510300.XSHG,2024-01-30,2024-01-30 14:04:00,183,,5,0.0014816694752712873,1.0,0.0015427915716849563,30.534374868902482,24.534374868902482,,,,0.003053437486890248,1431.0,-0.0030534374868902317,0.39722085718395617,0.6666666666666666,2373.551724137931,0.2500953108606284,1.0,1.0,True,0.99,0.9,1.0,1.0,0.1,0.5,0.0014130063875613843,2062.5,0.7666666666666667,2768.862068965517,0.08860324504141885
510300.XSHG,2024-01-30,2024-01-30 14:30:00,209,,5,0.0014618666726003043,1.0,0.0015221718602267452,0.0,-6.0,,,,0.0,778.0,-0.003062789530545767,0.1013651101559746,0.6666666666666666,2373.551724137931,0.2500953108606284,1.0,1.0,True,0.99,0.9,1.0,1.0,0.1,0.5,0.0014130063875613843,2062.5,0.7666666666666667,2768.862068965517,0.08860324504141885
510300.XSHG,2024-02-02,2024-02-02 10:11:00,40,,5,0.0014241803263652319,1.0,0.001480827751875725,0.0,-6.0,,,,0.0,1245.0,-0.0031007776782481593,0.09366709695446486,0.6333333333333333,2104.896551724138,0.3333333333333296,1.0,1.0,True,0.99,0.9,0.7,0.9,0.1,0.0,0.0014244485996821005,1977.9999999999995,0.6599999999999999,2474.241379310345,
510300.XSHG,2024-02-02,2024-02-02 11:18:00,107,,5,0.0014223066821397983,1.0,0.0014788795825921028,31.201273362434566,25.201273362434566,,,,0.0031201273362434566,139.0,-0.0031201273362435225,0.43997487756091613,0.6333333333333333,2104.896551724138,0.3333333333333296,1.0,1.0,True,0.99,0.9,0.7,0.9,0.1,0.0,0.0014244485996821005,1977.9999999999995,0.6599999999999999,2474.241379310345,
510300.XSHG,2024-02-02,2024-02-02 14:52:00,231,,5,0.0014576302734159493,1.0,0.0015156081859081867,31.397200046676247,25.397200046676247,,,,0.0031397200046676247,614.0,-0.003139720004667641,0.2152736002695733,0.6333333333333333,2104.896551724138,0.3333333333333296,1.0,1.0,True,0.99,0.9,0.7,0.9,0.1,0.0,0.0014244485996821005,1977.9999999999995,0.6599999999999999,2474.241379310345,
510300.XSHG,2024-02-06,2024-02-06 10:57:00,86,,5,0.0014316612468876445,1.0,0.0014816300354830612,0.0,-6.0,,,,0.0,336.0,-0.0030721990369701403,0.41710409871033644,0.5333333333333333,2204.9655172413795,0.2949778728193409,1.0,1.0,True,0.99,0.9,1.0,1.0,0.1,0.5,0.0014442989033584739,1782.3999999999999,0.7666666666666667,2903.9310344827586,0.09993776174172458
510300.XSHG,2024-02-21,2024-02-21 14:50:00,229,,5,0.0014106476951014795,1.0,0.0014564237554499965,0.0,-6.0,,,,0.0,463.0,-0.0028943580263644146,0.29277824820038323,0.5666666666666667,1397.4827586206898,0.20023522527286483,1.0,1.0,True,0.99,0.9,1.0,1.0,0.1,0.5,0.001451971848972879,1788.0,0.7666666666666667,2903.9310344827586,0.1013651101559746
510300.XSHG,2024-02-22,2024-02-22 10:08:00,37,,5,0.0014264103167830296,1.0,0.0014723315166457068,0.0,-6.0,,,,0.0,1041.0,-0.0028943580263644146,0.4486427479066687,0.4,1732.3103448275863,0.1432114078092757,1.0,1.0,True,0.99,0.9,1.0,1.0,0.1,0.5,0.0014523232217915727,1793.8000000000002,0.7666666666666667,2903.9310344827586,0.1013651101559746
510300.XSHG,2024-08-06,2024-08-06 13:11:00,130,,5,0.0013651078542483517,1.0,0.001426244019006571,0.0,-6.0,,,,0.0,458.0,-0.002945510229756803,0.01606475832061249,0.5666666666666667,2203.103448275862,0.25009114121556864,1.0,1.0,True,0.99,0.9,0.7,1.0,0.1,0.0,0.001409494060768827,1964.8000000000004,0.6599999999999999,2903.9310344827586,
510300.XSHG,2024-08-07,2024-08-07 13:39:00,158,,5,0.0013870832778936964,1.0,0.0014470710337442926,0.0,-6.0,,,,0.0,462.0,-0.0029197101033348618,0.012122764734233628,0.6,1655.9310344827586,0.25027522975272676,1.0,1.0,True,0.99,0.9,0.7,1.0,0.0,0.0,0.0014041704871495344,2085.8000000000006,0.6333333333333333,2903.9310344827586,
510300.XSHG,2024-08-09,2024-08-09 13:08:00,127,,5,0.0013789963182431776,1.0,0.0014388871266975555,29.368596733097057,23.368596733097057,,,,0.0029368596733097057,867.0,-0.002936859673309825,0.03035558274420681,0.6333333333333333,1800.5172413793102,2.6736406580158185e-15,1.0,1.0,True,0.99,0.9,0.7,0.9,0.0,0.0,0.0013903548051032275,2198.6,0.6333333333333333,2115.0344827586205,
510300.XSHG,2024-08-20,2024-08-20 11:12:00,101,,5,0.0013396322294814348,1.0,0.0013984930892071948,0.0,-6.0,,,,0.0,66.0,-0.002936859673309825,0.04353372856198429,0.5,1247.896551724138,0.33333333333332943,1.0,1.0,True,0.99,0.9,0.7,0.9,0.0,0.0,0.001391767908272953,2201.0,0.6333333333333333,1979.1724137931035,
510300.XSHG,2024-08-20,2024-08-20 13:41:00,160,,5,0.0013825163575164254,1.0,0.0014432614632234172,0.0,-6.0,,,,0.0,799.0,-0.002945510229756803,0.03765139258269798,0.5,1247.896551724138,0.33333333333332943,1.0,1.0,True,0.99,0.9,0.7,0.9,0.0,0.0,0.001391767908272953,2201.0,0.6333333333333333,1979.1724137931035,
510300.XSHG,2024-08-20,2024-08-20 13:43:00,162,,5,0.001352014708556896,1.0,0.0014114196305617488,29.455102297567446,23.455102297567446,,,,0.0029455102297567446,53.0,-0.002945510229756803,0.04097605839769418,0.5,1247.896551724138,0.33333333333332943,1.0,1.0,True,0.99,0.9,0.7,0.9,0.0,0.0,0.001391767908272953,2201.0,0.6333333333333333,1979.1724137931035,
510300.XSHG,2024-08-21,2024-08-21 13:28:00,147,,5,0.001439087195693867,1.0,0.0015023769783435114,29.455102297567446,23.455102297567446,,,,0.0029455102297567446,1097.0,-0.002945510229756803,0.09920114637953137,0.6,1268.2068965517242,2.1317521282694076e-15,1.0,1.0,True,0.99,0.9,0.7,0.9,0.0,0.0,0.0013933832163577256,2024.5999999999997,0.6333333333333333,1975.9724137931034,
510300.XSHG,2024-08-21,2024-08-21 13:38:00,157,,5,0.0013515788431382985,1.0,0.0014110200858038176,29.455102297567446,23.455102297567446,,,,0.0029455102297567446,191.0,-0.002945510229756803,0.032537728350913654,0.6,1268.2068965517242,2.1317521282694076e-15,1.0,1.0,True,0.99,0.9,0.7,0.9,0.0,0.0,0.0013933832163577256,2024.5999999999997,0.6333333333333333,1975.9724137931034,
510300.XSHG,2024-08-21,2024-08-21 14:03:00,182,,5,0.0013792408874244732,1.0,0.0014398986823432232,29.455102297567446,23.455102297567446,,,,0.0029455102297567446,576.0,-0.002945510229756803,0.001573230284648001,0.6,1268.2068965517242,2.1317521282694076e-15,1.0,1.0,True,0.99,0.9,0.7,0.9,0.0,0.0,0.0013933832163577256,2024.5999999999997,0.6333333333333333,1975.9724137931034,
510300.XSHG,2024-08-21,2024-08-21 14:33:00,212,,5,0.0013549905033156807,1.0,0.001414581787779742,29.455102297567446,23.455102297567446,,,,0.0029455102297567446,427.0,-0.002945510229756803,0.07997940645324653,0.6,1268.2068965517242,2.1317521282694076e-15,1.0,1.0,True,0.99,0.9,0.7,0.9,0.0,0.0,0.0013933832163577256,2024.5999999999997,0.6333333333333333,1975.9724137931034,
510300.XSHG,2024-09-02,2024-09-02 10:54:00,83,,5,0.001564662177902606,1.0,0.0016336126104877567,0.0,-6.0,,,,0.0,385.0,-0.0029806281381377893,0.3088468239395896,0.5333333333333333,1460.3793103448277,0.3333333333333201,1.0,1.0,True,0.99,0.9,0.7,0.9,0.0,0.0,0.001398890659952637,2024.5999999999997,0.6333333333333333,1933.6724137931033,
510300.XSHG,2024-09-02,2024-09-02 13:43:00,162,,5,0.001345313697045805,1.0,0.0014045980350224406,0.0,-6.0,,,,0.0,207.0,-0.0029806281381377893,0.09923636224836407,0.5333333333333333,1460.3793103448277,0.3333333333333201,1.0,1.0,True,0.99,0.9,0.7,0.9,0.0,0.0,0.001398890659952637,2024.5999999999997,0.6333333333333333,1933.6724137931033,
510300.XSHG,2024-09-02,2024-09-02 14:30:00,209,,5,0.001458599909013692,1.0,0.0015228764641164484,0.0,-6.0,,,,0.0,96.0,-0.0029895388483660483,0.0551771001589409,0.5333333333333333,1460.3793103448277,0.3333333333333201,1.0,1.0,True,0.99,0.9,0.7,0.9,0.0,0.0,0.001398890659952637,2024.5999999999997,0.6333333333333333,1933.6724137931033,
510300.XSHG,2024-09-09,2024-09-09 10:39:00,68,,5,0.0014466450234378065,1.0,0.0015103028240007175,0.0,-6.0,,,,0.0,463.0,-0.0030534374868902317,0.04266904839098907,0.5333333333333333,1421.448275862069,0.20000000000000134,1.0,1.0,True,0.99,0.9,0.7,0.9,0.0,0.0,0.0014022273311698923,2024.5999999999997,0.6333333333333333,1933.6724137931033,
510300.XSHG,2024-09-09,2024-09-09 13:44:00,163,,5,0.0015816510409981904,1.0,0.0016512496121035725,0.0,-6.0,,,,0.0,667.0,-0.003062789530545767,0.21624184424715687,0.5333333333333333,1421.448275862069,0.20000000000000134,1.0,1.0,True,0.99,0.9,0.7,0.9,0.0,0.0,0.0014022273311698923,2024.5999999999997,0.6333333333333333,1933.6724137931033,
510300.XSHG,2024-09-11,2024-09-11 11:12:00,101,,5,0.0014764987857054832,1.0,0.0015409929777156013,30.72199036970059,24.72199036970059,,,,0.003072199036970059,539.0,-0.0030721990369701403,0.08091533629187211,0.5666666666666667,1545.448275862069,1.0,1.0,1.0,True,0.99,0.9,0.7,0.9,0.0,0.0,0.0014074490407007406,1800.1999999999996,0.6233333333333333,2055.4137931034484,
510300.XSHG,2024-09-11,2024-09-11 13:30:00,149,,5,0.0013950218636131014,1.0,0.0014559571036561112,30.72199036970059,24.72199036970059,,,,0.003072199036970059,109.0,-0.0030721990369701403,0.04555525194342202,0.5666666666666667,1545.448275862069,1.0,1.0,1.0,True,0.99,0.9,0.7,0.9,0.0,0.0,0.0014074490407007406,1800.1999999999996,0.6233333333333333,2055.4137931034484,
510300.XSHG,2024-09-20,2024-09-20 10:23:00,52,,5,0.0013686663063306322,1.0,0.0014288775590047644,30.72199036970059,24.72199036970059,,,,0.003072199036970059,1476.0,-0.0030721990369701403,0.04478032106501064,0.6333333333333333,1698.2758620689656,1.0,1.0,1.0,True,0.99,0.9,0.7,0.9,0.0,0.0,0.001416763364016198,1941.2,0.6666666666666666,2055.4137931034484,
510300.XSHG,2024-09-20,2024-09-20 13:02:00,121,,5,0.001403165413498465,1.0,0.0014648943731908135,0.0,-6.0,,,,0.0,1817.0,-0.0030721990369701403,0.06811823045900946,0.6333333333333333,1698.2758620689656,1.0,1.0,1.0,True,0.99,0.9,0.7,0.9,0.0,0.0,0.001416763364016198,1941.2,0.6666666666666666,2055.4137931034484,
510300.XSHG,2024-09-23,2024-09-23 11:01:00,90,,5,0.0014292073856810878,1.0,0.001492441557080195,30.349036951538896,24.349036951538896,,,,0.0030349036951538896,162.0,-0.003034903695153936,0.012262213386626804,0.43333333333333335,1744.5862068965516,0.4293174756733052,1.0,1.0,True,0.99,0.9,0.7,0.9,0.0,0.0,0.0014189414306075318,1829.4,0.6333333333333333,2055.4137931034484,
510300.XSHG,2024-09-23,2024-09-23 14:06:00,185,,5,0.0013600637254656425,1.0,0.0014202386892892575,30.44142381228273,24.44142381228273,,,,0.003044142381228273,161.0,-0.003044142381228244,0.11599880721673214,0.43333333333333335,1744.5862068965516,0.4293174756733052,1.0,1.0,True,0.99,0.9,0.7,0.9,0.0,0.0,0.0014189414306075318,1829.4,0.6333333333333333,2055.4137931034484,
510300.XSHG,2024-09-24,2024-09-24 10:17:00,46,,5,0.0013806509017296278,1.0,0.0014410561325119092,30.257209165371112,24.257209165371112,,,,0.0030257209165371114,905.0,-0.0030257209165370676,0.10915313768318838,0.5,1023.7241379310345,1.0,1.0,1.0,True,0.99,0.9,0.7,0.9,0.0,0.0,0.001419475704310071,1829.4,0.6333333333333333,2055.4137931034484,
510300.XSHG,2024-09-27,2024-09-27 10:53:00,82,,5,0.002509573244621231,1.0,0.0026110651423637008,80.53734807096825,74.53734807096825,,,,0.008053734807096825,324.0,-0.005376357036380406,0.013415572722654916,0.4,1636.6206896551723,0.058506845137806456,1.0,1.0,True,0.99,0.9,0.7,0.9,0.0,0.0,0.0014210959303254847,1829.4,0.6333333333333333,2055.4137931034484,
510300.XSHG,2024-09-27,2024-09-27 11:13:00,102,,5,0.0024990765424641186,1.0,0.002600143933679733,80.32171697264253,74.32171697264253,,,,0.008032171697264253,9.0,-0.005361943141385399,0.05928351176883638,0.4,1636.6206896551723,0.058506845137806456,1.0,1.0,True,0.99,0.9,0.7,0.9,0.0,0.0,0.0014210959303254847,1829.4,0.6333333333333333,2055.4137931034484,
510300.XSHG,2024-09-27,2024-09-27 13:13:00,132,,5,0.00533972279168647,1.0,0.005555671300345667,0.0,-6.0,,,,0.0,498.0,-0.012837146760680719,0.03892755912167222,0.4,1636.6206896551723,0.058506845137806456,1.0,1.0,True,0.99,0.9,0.7,0.9,0.0,0.0,0.0014210959303254847,1829.4,0.6333333333333333,2055.4137931034484,
510300.XSHG,2024-09-27,2024-09-27 13:19:00,138,,5,0.0029500956640628974,1.0,0.003069403123253141,-26.075634070808302,-32.075634070808306,,,,-0.0026075634070808302,678.0,-0.005194816877104023,0.05951106547583716,0.4,1636.6206896551723,0.058506845137806456,1.0,1.0,True,0.99,0.9,0.7,0.9,0.0,0.0,0.0014210959303254847,1829.4,0.6333333333333333,2055.4137931034484,
510300.XSHG,2024-09-27,2024-09-27 13:38:00,157,,5,0.0016854604725009075,1.0,0.001753623688016004,-26.350476380050022,-32.350476380050026,,,,-0.0026350476380050023,596.0,0.0,0.10019607843137254,0.4,1636.6206896551723,0.058506845137806456,1.0,1.0,True,0.99,0.9,0.7,0.9,0.0,0.0,0.0014210959303254847,1829.4,0.6333333333333333,2055.4137931034484,
510300.XSHG,2024-09-27,2024-09-27 14:23:00,202,,5,0.0013846894873411556,1.0,0.0014406889542447456,0.0,-6.0,,,,0.0,171.0,-0.005208345107138235,0.14991422746007943,0.4,1636.6206896551723,0.058506845137806456,1.0,1.0,True,0.99,0.9,0.7,0.9,0.0,0.0,0.0014210959303254847,1829.4,0.6333333333333333,2055.4137931034484,
510300.XSHG,2024-10-08,2024-10-08 10:39:00,68,,5,0.002438880092214317,1.0,0.0024932293897641676,301.9973986363241,295.9973986363241,,,,0.03019973986363241,1309.0,-0.007050557996666687,0.3605244273003339,0.4666666666666667,893.3448275862069,0.2255331262414052,1.0,1.0,True,0.99,0.9,0.7,1.0,0.0,0.0,0.0014337292039147563,1783.4000000000003,0.6,2177.0344827586205,
510300.XSHG,2024-10-08,2024-10-08 10:51:00,80,,5,0.0014734969250009746,1.0,0.0015063331120162033,46.083030861941815,40.083030861941815,,,,0.004608303086194181,377.0,-0.004608303086194107,0.4801985975215299,0.4666666666666667,893.3448275862069,0.2255331262414052,1.0,1.0,True,0.99,0.9,0.7,1.0,0.0,0.0,0.0014337292039147563,1783.4000000000003,0.6,2177.0344827586205,
510300.XSHG,2025-04-02,2025-04-02 13:16:00,135,,5,0.0012183919547483222,1.0,0.0012667215981243462,25.09411605425707,19.09411605425707,,,,0.002509411605425707,473.0,-0.002509411605425807,0.09140262304288933,0.6333333333333333,1573.4137931034484,1.9960910462248305e-14,1.0,1.0,True,0.99,0.9,0.7,0.9,0.0,0.0,0.0012272716115717954,2380.9,0.6666666666666666,2246.9655172413795,
510300.XSHG,2025-04-07,2025-04-07 10:20:00,49,,5,0.001375334273759847,1.0,0.0014296651238547657,53.476063265952774,47.476063265952774,,,,0.005347606326595277,328.0,-0.002677377770716403,0.15517689148400177,0.43333333333333335,1994.3103448275863,0.30863447156758866,1.0,1.0,True,0.99,0.9,0.7,0.9,0.0,0.0,0.0011882368671294154,2350.0,0.6666666666666666,2246.9655172413795,
510300.XSHG,2025-04-07,2025-04-07 11:21:00,110,,5,0.0011446853005367635,1.0,0.001189904653137715,0.0,-6.0,,,,0.0,131.0,-0.0026917916657115256,0.14844611924656237,0.43333333333333335,1994.3103448275863,0.30863447156758866,1.0,1.0,True,0.99,0.9,0.7,0.9,0.0,0.0,0.0011882368671294154,2350.0,0.6666666666666666,2246.9655172413795,
510300.XSHG,2025-04-07,2025-04-07 13:02:00,121,,5,0.0011660594448574604,1.0,0.001212123156137717,0.0,-6.0,,,,0.0,1453.0,-0.0026990569691649467,0.16944644001585743,0.43333333333333335,1994.3103448275863,0.30863447156758866,1.0,1.0,True,0.99,0.9,0.7,0.9,0.0,0.0,0.0011882368671294154,2350.0,0.6666666666666666,2246.9655172413795,
510300.XSHG,2025-04-07,2025-04-07 13:58:00,177,,5,0.0011657616620380932,1.0,0.0012118136097827288,-54.34795985956945,-60.34795985956945,,,,-0.005434795985956945,136.0,-0.0027063615977430252,0.12003240517914864,0.43333333333333335,1994.3103448275863,0.30863447156758866,1.0,1.0,True,0.99,0.9,0.7,0.9,0.0,0.0,0.0011882368671294154,2350.0,0.6666666666666666,2246.9655172413795,
510300.XSHG,2025-04-07,2025-04-07 14:06:00,185,,5,0.0011580088038675167,1.0,0.0012037544847044565,-54.794657646255956,-60.794657646255956,,,,-0.005479465764625596,115.0,-0.002728514653203951,0.13732205916511933,0.43333333333333335,1994.3103448275863,0.30863447156758866,1.0,1.0,True,0.99,0.9,0.7,0.9,0.0,0.0,0.0011882368671294154,2350.0,0.6666666666666666,2246.9655172413795,
510300.XSHG,2025-04-07,2025-04-07 14:11:00,190,,5,0.0012000099889753859,1.0,0.0012474148737858194,-55.09655810969584,-61.09655810969584,,,,-0.0055096558109695845,140.0,-0.0027434859457508326,0.08770584297858296,0.43333333333333335,1994.3103448275863,0.30863447156758866,1.0,1.0,True,0.99,0.9,0.7,0.9,0.0,0.0,0.0011882368671294154,2350.0,0.6666666666666666,2246.9655172413795,
510300.XSHG,2025-04-07,2025-04-07 14:16:00,195,,5,0.0012214336773812462,1.0,0.0012696848780477349,-27.66253492890185,-33.66253492890185,,,,-0.002766253492890185,168.0,-0.00275862243907964,0.07271307567412791,0.43333333333333335,1994.3103448275863,0.30863447156758866,1.0,1.0,True,0.99,0.9,0.7,0.9,0.0,0.0,0.0011882368671294154,2350.0,0.6666666666666666,2246.9655172413795,
510300.XSHG,2025-04-07,2025-04-07 14:46:00,225,,5,0.0011802822863895674,1.0,0.0012269078531299458,0.0,-6.0,,,,0.0,156.0,-0.00273597981887486,0.10988802329336012,0.43333333333333335,1994.3103448275863,0.30863447156758866,1.0,1.0,True,0.99,0.9,0.7,0.9,0.0,0.0,0.0011882368671294154,2350.0,0.6666666666666666,2246.9655172413795,
510300.XSHG,2025-04-18,2025-04-18 14:31:00,210,,5,0.0011979667868558328,1.0,0.0012288650753459758,0.0,-6.0,,,,0.0,1952.0,-0.0025873235649510238,0.07525101114995199,0.7666666666666667,2148.896551724138,1.5046549312379667e-15,1.0,1.0,True,0.99,0.9,1.0,1.0,0.0,0.0,0.0011912194823371037,2401.5,0.7666666666666667,2857.2413793103447,
510300.XSHG,2025-04-23,2025-04-23 10:40:00,69,,5,0.0012257307929883449,1.0,0.0012571895017893118,25.740039951728427,19.740039951728427,,,,0.0025740039951728426,224.0,-0.0025740039951728773,0.14770709123045556,0.7333333333333333,1560.3103448275863,0.2492784588685675,1.0,1.0,True,0.99,0.9,1.0,1.0,0.0,0.0,0.0011913557686219268,2391.2,0.7666666666666667,2857.2413793103447,
510300.XSHG,2025-04-29,2025-04-29 10:53:00,82,,5,0.0012143504928714389,1.0,0.0012468115843656147,0.0,-6.0,,,,0.0,780.0,-0.0025806465934916254,0.10957093785562755,0.6333333333333333,1397.448275862069,2.596391711619437e-14,1.0,1.0,True,0.99,0.9,1.0,1.0,0.0,0.0,0.0011903023965902342,2380.9000000000005,0.7666666666666667,2857.2413793103447,
510300.XSHG,2025-06-26,2025-06-26 14:15:00,194,,5,0.0014441213584798728,1.0,0.0014794680554946463,0.0,-6.0,,,,0.0,966.0,-0.002503130218118477,0.4102267863407655,0.43333333333333335,770.1034482758621,1.0841999137272362e-15,1.0,1.0,True,0.99,0.9,1.0,1.0,0.0,0.0,0.001179062732705369,2361.7000000000003,0.7666666666666667,2857.2413793103447,
510300.XSHG,2025-07-07,2025-07-07 10:57:00,86,,5,0.0011862480143530333,1.0,0.001236037661224606,0.0,-6.0,,,,0.0,11.0,-0.002490661312451808,0.007800600823470522,0.6,860.2413793103449,0.14285714285711712,1.0,1.0,True,0.99,0.9,1.0,1.0,0.0,0.0,0.0011774036195584079,2357.8,0.7666666666666667,2857.2413793103447,
510300.XSHG,2025-07-07,2025-07-07 13:10:00,129,,5,0.0011884637179181985,1.0,0.0012383463631313887,0.0,-6.0,,,,0.0,283.0,-0.002490661312451808,0.019451086260363726,0.6,860.2413793103449,0.14285714285711712,1.0,1.0,True,0.99,0.9,1.0,1.0,0.0,0.0,0.0011774036195584079,2357.8,0.7666666666666667,2857.2413793103447,
510300.XSHG,2025-07-08,2025-07-08 14:22:00,201,,5,0.0012555516479719432,1.0,0.0013098878295889774,0.0,-6.0,,,,0.0,460.0,-0.0024660924951934427,0.07720886088967996,0.6666666666666666,1145.2758620689656,0.142958370342993,1.0,1.0,True,0.99,0.9,1.0,1.0,0.0,0.0,0.0011778603118532105,2353.9,0.7666666666666667,2857.2413793103447,
510300.XSHG,2025-07-10,2025-07-10 10:22:00,51,,5,0.0011447565575326162,1.0,0.001196474291635664,24.660924951934682,18.660924951934682,,,,0.0024660924951934683,604.0,-0.0024660924951934427,0.09827148514455811,0.6,1013.1379310344828,5.187796345945794e-15,1.0,1.0,True,0.99,0.9,1.0,1.0,0.0,0.0,0.0011795976977787912,2357.8,0.7666666666666667,2857.2413793103447,
510300.XSHG,2025-07-11,2025-07-11 10:53:00,82,,5,0.0011855367331350373,1.0,0.0012392312561236944,0.0,-6.0,,,,0.0,87.0,-0.0024360547978813383,0.041271006254192014,0.6333333333333333,1108.896551724138,0.19980387330198707,1.0,1.0,True,0.99,0.9,1.0,1.0,0.0,0.0,0.0011797577233757374,2365.6,0.7666666666666667,2857.2413793103447,
510300.XSHG,2025-07-11,2025-07-11 14:55:00,234,,5,0.0012161901028601163,1.0,0.0012712729574114998,0.0,-6.0,,,,0.0,345.0,-0.0024479816386400017,0.04769070008524195,0.6333333333333333,1108.896551724138,0.19980387330198707,1.0,1.0,True,0.99,0.9,1.0,1.0,0.0,0.0,0.0011797577233757374,2365.6,0.7666666666666667,2857.2413793103447,
510300.XSHG,2025-07-14,2025-07-14 10:43:00,72,,5,0.001158481498452605,1.0,0.0012089933607399076,24.42003655551587,18.42003655551587,,,,0.0024420036555515873,387.0,-0.0024420036555517443,0.032703627412409425,0.7,1098.2068965517242,7.263500407070248e-15,1.0,1.0,True,0.99,0.9,1.0,1.0,0.0,0.0,0.0011810257309395832,2361.7000000000003,0.7666666666666667,2857.2413793103447,
510300.XSHG,2025-07-14,2025-07-14 14:50:00,229,,5,0.0012282512168507959,1.0,0.0012818051634633644,0.0,-6.0,,,,0.0,943.0,-0.0024479816386400017,0.11235089425999922,0.7,1098.2068965517242,7.263500407070248e-15,1.0,1.0,True,0.99,0.9,1.0,1.0,0.0,0.0,0.0011810257309395832,2361.7000000000003,0.7666666666666667,2857.2413793103447,
510300.XSHG,2025-07-22,2025-07-22 13:52:00,171,,5,0.0011724176944931865,1.0,0.0012253080382180037,23.894873973814853,17.894873973814853,,,,0.0023894873973814854,777.0,-0.0023894873973815786,0.054060039067933253,0.7333333333333333,972.448275862069,2.1675359419820955e-14,1.0,1.0,True,0.99,0.9,1.0,1.0,0.0,0.0,0.0011812685559850229,2321.0,0.7666666666666667,2857.2413793103447,
510300.XSHG,2025-07-23,2025-07-23 10:02:00,31,,5,0.0012287780070477953,1.0,0.0012844989573795246,23.724803536303956,17.724803536303956,,,,0.0023724803536303955,1963.0,-0.0023724803536303565,0.015382189091494435,0.4,857.5172413793103,0.2000000000000079,1.0,1.0,True,0.99,0.9,1.0,0.9,0.0,0.0,0.0011802148804213601,2321.0,0.7666666666666667,1994.3103448275863,
510300.XSHG,2025-07-25,2025-07-25 10:41:00,70,,5,0.0011606056987304623,1.0,0.0012128790050894747,0.0,-6.0,,,,0.0,556.0,-0.0023724803536303565,0.033362613839416834,0.5,951.3448275862069,7.420818305260802e-15,1.0,1.0,True,0.99,0.9,1.0,0.9,0.0,0.0,0.001179338952597946,2315.2,0.7666666666666667,1994.3103448275863,
510300.XSHG,2025-07-28,2025-07-28 10:33:00,62,,5,0.0011771868934416173,1.0,0.0012297831864277484,23.66865010266244,17.66865010266244,,,,0.002366865010266244,606.0,-0.0023668650102662793,0.03751932179799205,0.5333333333333333,922.1379310344828,0.16636965537674356,1.0,1.0,True,0.99,0.9,1.0,0.9,0.0,0.0,0.001179062732705369,2303.6000000000004,0.7666666666666667,1994.3103448275863,
510300.XSHG,2025-07-28,2025-07-28 14:36:00,215,,5,0.001157485401239218,1.0,0.0012092014385396,23.724803536303956,17.724803536303956,,,,0.0023724803536303955,53.0,-0.0023724803536303565,0.08297065475642702,0.5333333333333333,922.1379310344828,0.16636965537674356,1.0,1.0,True,0.99,0.9,1.0,0.9,0.0,0.0,0.001179062732705369,2303.6000000000004,0.7666666666666667,1994.3103448275863,
510300.XSHG,2025-07-29,2025-07-29 14:52:00,231,,5,0.0011512144437514204,1.0,0.0012029591511789344,23.612761856796855,17.612761856796855,,,,0.0023612761856796854,56.0,-0.002361276185679709,0.05654655488057192,0.7,1430.2413793103449,0.11146314708620994,1.0,1.0,True,0.99,0.9,1.0,0.9,0.0,0.0,0.0011786772209686758,2292.0,0.7666666666666667,1994.3103448275863,
510300.XSHG,2025-08-01,2025-08-01 10:17:00,46,,5,0.0013320768591685223,1.0,0.0013918999867818455,0.0,-6.0,,,,0.0,1369.0,-0.0024009615375381503,0.19133300037248963,0.6,1417.9310344827586,2.1675359419820952e-14,1.0,1.0,True,0.99,0.9,1.0,0.9,0.0,0.0,0.001176005786516687,2180.0000000000005,0.7666666666666667,1994.3103448275863,
510300.XSHG,2025-08-01,2025-08-01 10:30:00,59,,5,0.0011986695043946542,1.0,0.0012525013521848486,0.0,-6.0,,,,0.0,66.0,-0.0024009615375381503,0.005701932411324558,0.6,1417.9310344827586,2.1675359419820952e-14,1.0,1.0,True,0.99,0.9,1.0,0.9,0.0,0.0,0.001176005786516687,2180.0000000000005,0.7666666666666667,1994.3103448275863,
510300.XSHG,2025-08-01,2025-08-01 13:24:00,143,,5,0.001176238896793455,1.0,0.0012290633934749391,0.0,-6.0,,,,0.0,275.0,-0.002418380864281527,0.010979677388145658,0.6,1417.9310344827586,2.1675359419820952e-14,1.0,1.0,True,0.99,0.9,1.0,0.9,0.0,0.0,0.001176005786516687,2180.0000000000005,0.7666666666666667,1994.3103448275863,
510300.XSHG,2025-08-05,2025-08-05 13:20:00,139,,5,0.0012017436636645629,1.0,0.0012560783017957276,23.9521072595485,17.9521072595485,,,,0.00239521072595485,395.0,-0.002395210725954822,0.029968026259935405,0.5333333333333333,932.0344827586207,2.1675359419820955e-14,1.0,1.0,True,0.99,0.9,1.0,0.9,0.0,0.0,0.0011776835157407324,2292.0,0.7666666666666667,1994.3103448275863,
510300.XSHG,2025-08-08,2025-08-08 10:26:00,55,,5,0.0012573498525678306,1.0,0.0013137119102690272,23.837913552761975,17.837913552761975,,,,0.0023837913552761975,1157.0,-0.0023837913552762504,0.11282633793912718,0.5666666666666667,1246.9310344827586,1.0,1.0,1.0,True,0.99,0.9,1.0,0.9,0.0,0.0,0.0011776835157407324,2250.0000000000005,0.7666666666666667,1994.3103448275863,
510300.XSHG,2025-08-11,2025-08-11 10:47:00,76,,5,0.0011950334918552914,1.0,0.0012482321245320888,0.0,-6.0,,,,0.0,618.0,-0.0023781224049673243,0.04197439569689279,0.6,1164.655172413793,0.14256584509458425,1.0,1.0,True,0.99,0.9,1.0,0.9,0.0,0.0,0.001175847594221147,2222.0,0.7666666666666667,1994.3103448275863,
510300.XSHG,2025-08-13,2025-08-13 10:09:00,38,,5,0.001186816829081744,1.0,0.001238788956316528,0.0,-6.0,,,,0.0,1126.0,-0.0023557136924590365,0.019767321432710767,0.6333333333333333,1377.9655172413793,0.3333333333333234,1.0,1.0,True,0.99,0.9,1.0,0.9,0.0,0.0,0.0011758062810919294,2208.0,0.7666666666666667,1994.3103448275863,
510300.XSHG,2025-08-15,2025-08-15 10:08:00,37,,5,0.001213028484332254,1.0,0.0012666054478828832,23.446669592540548,17.446669592540548,,,,0.0023446669592540547,787.0,-0.0023446669592541345,0.09064274574830905,0.6333333333333333,1236.1379310344828,0.49970674459886155,1.0,1.0,True,0.99,0.9,1.0,0.9,0.0,0.0,0.0011756175223522737,2180.0000000000005,0.7666666666666667,1994.3103448275863,
510300.XSHG,2025-08-15,2025-08-15 10:25:00,54,,5,0.0011504409907955463,1.0,0.0012012535939842773,0.0,-6.0,,,,0.0,631.0,-0.0023446669592541345,0.022883355551904416,0.6333333333333333,1236.1379310344828,0.49970674459886155,1.0,1.0,True,0.99,0.9,1.0,0.9,0.0,0.0,0.0011756175223522737,2180.0000000000005,0.7666666666666667,1994.3103448275863,
510300.XSHG,2025-08-18,2025-08-18 10:01:00,30,,5,0.0011483860859483445,1.0,0.001198105527917097,23.17498140362704,17.17498140362704,,,,0.002317498140362704,498.0,-0.0023174981403627014,0.00816183428734931,0.7333333333333333,1046.5172413793102,0.11082480805089193,1.0,1.0,True,0.99,0.9,1.0,0.9,0.0,0.0,0.0011753754334666501,2152.0,0.7666666666666667,1994.3103448275863,
510300.XSHG,2025-08-18,2025-08-18 10:22:00,51,,5,0.0011669691461461133,1.0,0.0012174931427802438,23.121397583793787,17.121397583793787,,,,0.0023121397583793788,877.0,-0.0023121397583795024,0.01764301497669893,0.7333333333333333,1046.5172413793102,0.11082480805089193,1.0,1.0,True,0.99,0.9,1.0,0.9,0.0,0.0,0.0011753754334666501,2152.0,0.7666666666666667,1994.3103448275863,
510300.XSHG,2025-08-20,2025-08-20 11:01:00,90,,5,0.001127402612472732,1.0,0.0011756558081115742,23.17498140362704,17.17498140362704,,,,0.002317498140362704,1560.0,-0.0023174981403627014,0.07026158200712421,0.6333333333333333,1553.6896551724137,0.6674415631458496,1.0,1.0,True,0.99,0.9,1.0,0.9,0.0,0.0,0.0011744547581117757,2128.6,0.7666666666666667,1994.3103448275863,
510300.XSHG,2025-08-22,2025-08-22 11:02:00,91,,5,0.001264759666413612,1.0,0.0013184525245369632,22.59887967437504,16.59887967437504,,,,0.002259887967437504,1571.0,-0.0022598879674374786,0.09929074377958574,0.5333333333333333,1110.0344827586207,0.3335860502556414,1.0,1.0,True,0.99,0.9,1.0,0.9,0.0,0.0,0.00117379816488907,2128.6,0.7666666666666667,1994.3103448275863,
510300.XSHG,2025-08-25,2025-08-25 10:23:00,52,,5,0.0012133267836387802,1.0,0.0012642076465333193,22.002209096023375,16.002209096023375,,,,0.0022002209096023376,1253.0,-0.0022002209096024235,0.023352947476650746,0.5333333333333333,1201.2068965517242,5.133056925268782e-15,1.0,1.0,True,0.99,0.9,1.0,0.9,0.0,0.0,0.0011727387841566105,2128.6,0.7666666666666667,1994.3103448275863,
510300.XSHG,2025-08-26,2025-08-26 10:37:00,66,,5,0.0011972348409656458,1.0,0.0012464309724509305,22.002209096023375,16.002209096023375,,,,0.0022002209096023376,925.0,-0.0022002209096024235,0.11650256905631308,0.7,1024.7241379310344,0.09087249811624001,1.0,1.0,True,0.99,0.9,1.0,0.9,0.0,0.0,0.001171817799004799,2091.8000000000006,0.7666666666666667,1994.3103448275863,
510300.XSHG,2025-08-29,2025-08-29 13:03:00,122,,5,0.0011393613687675263,1.0,0.0011852587143333514,21.762794225954483,15.762794225954483,,,,0.0021762794225954484,1152.0,-0.0021762794225955173,0.029455779572164817,0.5333333333333333,1566.8275862068965,0.4000879318983446,1.0,1.0,True,0.99,0.9,1.0,0.9,0.0,0.0,0.0011685394948183422,1957.5,0.7666666666666667,1994.3103448275863,
510300.XSHG,2025-09-04,2025-09-04 11:06:00,95,,5,0.001131306200165498,1.0,0.0011740634684461943,22.3964259350466,16.3964259350466,,,,0.00223964259350466,387.0,-0.002239642593504687,0.055008562335662786,0.5333333333333333,1778.6896551724137,0.3333320366925508,1.0,1.0,True,0.99,0.9,1.0,0.9,0.0,0.0,0.0011683994411018743,2311.4,0.7666666666666667,1994.3103448275863,
510300.XSHG,2025-09-05,2025-09-05 14:55:00,234,,5,0.0011364497076097298,1.0,0.0011780440702784222,21.95390563435656,15.953905634356559,,,,0.002195390563435656,812.0,-0.002195390563435615,0.14114357608643194,0.4666666666666667,1581.1724137931035,0.5989252890462701,1.0,1.0,True,0.99,0.9,1.0,0.9,0.0,0.0,0.0011708773992420024,2401.6000000000004,0.7666666666666667,1994.3103448275863,
510300.XSHG,2025-09-08,2025-09-08 10:12:00,41,,5,0.0011432007353196025,1.0,0.0011845987228757285,-22.002209096024234,-28.002209096024234,,,,-0.0022002209096024235,955.0,-0.002195390563435615,0.00925425042239788,0.5,1385.2068965517242,0.20043840531764082,1.0,1.0,True,0.99,0.9,1.0,0.9,0.0,0.0,0.0011707373420558897,2311.4,0.7666666666666667,1994.3103448275863,
510300.XSHG,2025-09-11,2025-09-11 13:01:00,120,,5,0.0011471838848057401,1.0,0.0011870844522109388,21.621630044950955,15.621630044950955,,,,0.0021621630044950956,516.0,-0.0021621630044951256,0.18609697092067673,0.6,1301.3793103448277,0.3330062561552874,1.0,1.0,True,0.99,0.9,1.0,0.9,0.0,0.0,0.0011680336256002846,2259.0999999999995,0.7666666666666667,1994.3103448275863,
510300.XSHG,2025-09-19,2025-09-19 10:10:00,39,,5,0.0012679745457751695,1.0,0.0013097943338797248,0.0,-6.0,,,,0.0,1709.0,-0.002171553513508018,0.4061296443167676,0.5333333333333333,1701.2068965517242,0.0909089350193462,1.0,1.0,True,0.99,0.9,1.0,0.9,0.0,0.3,0.0011592150211282486,2340.5,0.7666666666666667,1994.3103448275863,0.044446365715412245
510300.XSHG,2025-10-13,2025-10-13 10:04:00,33,,5,0.0011984194997391672,1.0,0.001234298771865827,0.0,-6.0,,,,0.0,1877.0,-0.0021528533611012007,0.1409394399088818,0.43333333333333335,1269.2413793103449,0.07705001921513387,1.0,1.0,True,0.99,0.9,0.7,0.9,0.0,0.5,0.0011331162782102868,1956.4,0.6333333333333333,1569.6965517241379,0.07097967738814565
510300.XSHG,2025-12-15,2025-12-15 10:17:00,46,,5,0.0011701023851295247,1.0,0.0012053157732925773,0.0,-6.0,,,,0.0,1243.0,-0.0021299262578248533,0.2906621250588305,0.6,1676.4137931034484,0.5000011365763154,1.0,1.0,True,0.99,0.9,0.7,1.0,0.1,0.3,0.0011375558738657694,2470.6000000000004,0.6333333333333333,1778.6896551724137,0.03864482713485203
510300.XSHG,2025-12-16,2025-12-16 10:41:00,70,,5,0.0012920784739833548,1.0,0.0013307903285157924,21.66848085090293,15.668480850902931,,,,0.002166848085090293,1665.0,-0.002166848085090314,0.42250714197526823,0.6333333333333333,1549.655172413793,0.3335714276555231,1.0,1.0,True,0.99,0.9,0.7,0.9,0.0,0.5,0.0011380241283800315,2457.8,0.6333333333333333,1564.2,0.07097967738814565
510300.XSHG,2026-01-28,2026-01-28 10:22:00,51,,5,0.0012087581286981126,1.0,0.0012450573314390717,0.0,-6.0,,,,0.0,1467.0,-0.0021119332031435015,0.4708619332031435,0.5333333333333333,1276.3793103448277,0.3328636840461615,1.0,1.0,True,0.99,0.9,1.0,0.9,0.1,0.5,0.0010924555958964108,2560.2,0.7666666666666667,1680.9758620689656,0.07566814111371307
510300.XSHG,2026-01-28,2026-01-28 10:29:00,58,,5,0.0011717608947345553,1.0,0.001206949064536324,21.164029063776937,15.164029063776937,,,,0.0021164029063776937,187.0,-0.002116402906377724,0.4376873905606987,0.5333333333333333,1276.3793103448277,0.3328636840461615,1.0,1.0,True,0.99,0.9,1.0,0.9,0.1,0.5,0.0010924555958964108,2560.2,0.7666666666666667,1680.9758620689656,0.07566814111371307
510300.XSHG,2026-01-28,2026-01-28 13:11:00,130,,5,0.001062883298319262,1.0,0.0010948018562339248,-21.119332031435015,-27.119332031435015,,,,-0.0021119332031435015,1024.0,-0.0021074823395646983,0.282778778635861,0.5333333333333333,1276.3793103448277,0.3328636840461615,1.0,1.0,True,0.99,0.9,1.0,0.9,0.1,0.5,0.0010924555958964108,2560.2,0.7666666666666667,1680.9758620689656,0.07566814111371307
510300.XSHG,2026-01-29,2026-01-29 13:09:00,128,,5,0.0010843407685507645,1.0,0.0011164638096924915,0.0,-6.0,,,,0.0,451.0,-0.002116402906377724,0.3195705976990489,0.5666666666666667,1598.6206896551723,0.3328636840461615,1.0,1.0,True,0.99,0.9,1.0,0.9,0.1,0.5,0.0010907374570019272,2574.8,0.7666666666666667,1680.9758620689656,0.0828668618981598
