date,conf_q,shock_q,flip_q,bdiff_q,trend_min,gap_q,conf_thr,shock_thr,flip_thr,bdiff_thr,gap_thr,test_n_preds
2023-09-27,0.99,0.9,0.7,0.9,0.1,0.5,0.0012383122990750047,1574.8000000000004,0.6333333333333333,1441.1379310344828,0.07830206136388199,0
2023-09-28,0.99,0.9,0.7,0.9,0.1,0.5,0.0012408481560286018,1585.3999999999999,0.6333333333333333,1441.1379310344828,0.07830206136388199,0
2023-10-09,0.99,0.9,0.7,0.9,0.1,0.5,0.0012395678784576716,1585.3999999999999,0.6333333333333333,1441.1379310344828,0.07830206136388199,0
2023-10-10,0.99,0.9,0.7,0.9,0.1,0.5,0.0012408481560286018,1585.3999999999999,0.6333333333333333,1441.1379310344828,0.07830206136388199,0
2023-10-11,0.99,0.9,0.7,0.9,0.1,0.5,0.0012411328209381005,1596.0,0.6333333333333333,1455.4275862068969,0.06943306714703684,0
2023-10-12,0.99,0.9,0.7,0.9,0.1,0.5,0.0012413925752520574,1596.0,0.6333333333333333,1455.4275862068969,0.06943306714703684,0
2023-10-13,0.99,0.9,0.7,0.9,0.1,0.5,0.0012423093347170642,1596.0,0.6333333333333333,1455.4275862068969,0.06943306714703684,0
2023-10-16,0.99,0.9,0.7,0.9,0.1,0.5,0.0012423952419535083,1606.6000000000001,0.6333333333333333,1469.7172413793107,0.06943306714703684,0
2023-10-17,0.99,0.9,0.7,0.9,0.1,0.5,0.0012424626100065142,1606.6000000000001,0.6333333333333333,1469.7172413793107,0.06943306714703684,0
2023-10-18,0.99,0.9,0.7,0.9,0.1,0.5,0.0012444164727723635,1606.6000000000001,0.6333333333333333,1469.7172413793107,0.07830206136388199,0
2023-10-19,0.99,0.9,0.7,0.9,0.1,0.5,0.0012448607336622253,1606.6000000000001,0.6333333333333333,1469.7172413793107,0.06943306714703684,1
2023-10-20,0.99,0.9,0.7,0.9,0.1,0.5,0.0012476157566955505,1617.2000000000003,0.6333333333333333,1484.0068965517248,0.08186582383991707,0
2023-10-23,0.99,0.9,0.7,0.9,0.1,0.5,0.0012483759149210876,1627.8000000000004,0.6333333333333333,1498.2965517241378,0.08186582383991707,0
2023-10-24,0.99,0.9,0.7,0.9,0.1,0.5,0.0012496453919705155,1638.3999999999999,0.6333333333333333,1512.5862068965516,0.08451843971032211,0
2023-10-25,0.99,0.9,0.7,0.9,0.1,0.5,0.0012505380238537931,1638.3999999999999,0.6333333333333333,1594.5,0.08523663045168414,0
2023-10-26,0.99,0.9,0.7,0.9,0.1,0.5,0.00125640221753997,1638.3999999999999,0.6333333333333333,1534.4137931034484,0.07127888570984245,0
2023-10-27,0.99,0.9,0.7,0.9,0.1,0.5,0.0012566494673707028,1627.8000000000004,0.6333333333333333,1592.406896551724,0.07312470427264807,0
2023-10-30,0.99,0.9,0.7,0.9,0.1,0.5,0.0012584903224817712,1553.6000000000001,0.6333333333333333,1544.3379310344828,0.06749534387084541,0
2023-10-31,0.99,0.9,0.7,0.9,0.1,0.5,0.001259288180865143,1564.2000000000003,0.6333333333333333,1554.2620689655175,0.06749534387084541,0
2023-11-01,0.99,0.9,0.7,0.9,0.1,0.5,0.0012605817685071047,1564.2000000000003,0.6333333333333333,1554.2620689655175,0.06749534387084541,0
2023-11-02,0.99,0.9,0.7,0.9,0.1,0.5,0.001263436671496603,1574.8000000000004,0.6333333333333333,1564.1862068965522,0.06749534387084541,0
2023-11-03,0.99,0.9,0.7,0.9,0.1,0.5,0.0012649195748731922,1564.2000000000003,0.6333333333333333,1554.2620689655175,0.06749534387084541,0
2023-11-06,0.99,0.9,0.7,0.9,0.1,0.5,0.0012661271776317875,1553.6000000000001,0.6333333333333333,1544.3379310344828,0.06749534387084541,0
2023-11-07,0.99,0.9,0.7,0.9,0.1,0.5,0.0012664929197433235,1574.8000000000004,0.6333333333333333,1564.1862068965522,0.07127888570984245,0
2023-11-08,0.99,0.9,0.7,0.9,0.1,0.5,0.0012682532060481885,1574.8000000000004,0.6333333333333333,1564.1862068965522,0.07312470427264807,1
2023-11-09,0.99,0.9,0.7,0.9,0.1,0.5,0.0012697611072592936,1574.8000000000004,0.6333333333333333,1564.1862068965522,0.07312470427264807,1
2023-11-10,0.99,0.9,0.7,0.9,0.1,0.5,0.0012709260537566048,1564.2000000000003,0.6333333333333333,1554.2620689655175,0.07495624210915916,0
2023-11-13,0.99,0.9,0.7,0.9,0.1,0.5,0.0012722194741237975,1660.1000000000001,0.6333333333333333,1544.3379310344828,0.07312470427264807,0
2023-11-14,0.99,0.9,0.7,0.9,0.1,0.5,0.0012723352328345388,1649.0,0.6333333333333333,1534.4137931034484,0.07127888570984245,0
2023-11-15,0.99,0.9,0.7,0.9,0.1,0.5,0.0012739193708670624,1671.2000000000003,0.6333333333333333,1554.2620689655175,0.07127888570984245,0
2023-11-16,0.99,0.9,0.7,0.9,0.1,0.5,0.0012774119864752483,1649.0,0.6333333333333333,1534.4137931034484,0.07127888570984245,0
2023-11-17,0.99,0.9,0.7,0.9,0.1,0.5,0.0012776972099999416,1660.1000000000001,0.6333333333333333,1544.3379310344828,0.07127888570984245,0
2023-11-20,0.99,0.9,0.7,0.9,0.1,0.5,0.001280873870220783,1671.2000000000003,0.6333333333333333,1554.2620689655175,0.07127888570984245,0
2023-11-21,0.99,0.9,0.7,0.9,0.1,0.5,0.0012813260097139737,1671.2000000000003,0.6333333333333333,1484.7931034482758,0.07127888570984245,0
2023-11-22,0.99,0.9,0.7,0.9,0.1,0.5,0.0012834448433069392,1682.3000000000004,0.6333333333333333,1484.7931034482758,0.07127888570984245,0
2023-11-23,0.99,0.9,0.7,0.9,0.1,0.5,0.0012832608624121853,1693.3999999999999,0.6333333333333333,1484.7931034482758,0.07127888570984245,0
2023-11-24,0.99,0.9,0.7,0.9,0.1,0.5,0.0012854531758692892,1704.5,0.6333333333333333,1484.7931034482758,0.07312470427264807,0
2023-11-27,0.99,0.9,0.7,0.9,0.1,0.5,0.0012860265931123685,1704.5,0.6333333333333333,1484.7931034482758,0.07312470427264807,1
2023-11-28,0.99,0.9,0.7,0.9,0.1,0.5,0.0012878419285173811,1682.3000000000004,0.6333333333333333,1484.7931034482758,0.07312470427264807,0
2023-11-29,0.99,0.9,0.7,0.9,0.1,0.5,0.0012889690696397773,1671.2000000000003,0.6366666666666666,1514.3103448275863,0.07312470427264807,1
2023-11-30,0.99,0.9,0.7,0.9,0.1,0.5,0.0012918087435352798,1660.1000000000001,0.6333333333333333,1514.3103448275863,0.07312470427264807,0
2023-12-01,0.99,0.9,0.7,0.9,0.1,0.5,0.0012939852259232917,1660.1000000000001,0.6333333333333333,1514.3103448275863,0.07312470427264807,1
2023-12-04,0.99,0.9,0.7,0.9,0.1,0.5,0.0012950459988962906,1761.3,0.6333333333333333,1502.5034482758622,0.07312470427264807,0
2023-12-05,0.99,0.9,0.7,0.9,0.1,0.5,0.0012957892614450508,1760.0,0.6333333333333333,1499.5517241379312,0.07312470427264807,0
2023-12-06,0.99,0.9,0.7,0.9,0.1,0.5,0.0012969174055743455,1748.8999999999999,0.6333333333333333,1499.5517241379312,0.07312470427264807,0
2023-12-07,0.99,0.9,0.7,0.9,0.1,0.5,0.0012997346186074876,1737.8000000000004,0.6333333333333333,1550.5724137931034,0.07495624210915916,1
2023-12-08,0.99,0.9,0.7,0.9,0.1,0.5,0.0013015890934756182,1760.0,0.6333333333333333,1514.3103448275863,0.08269760850456073,0
2023-12-11,0.99,0.9,0.7,0.9,0.1,0.5,0.0013044314861505653,1748.8999999999999,0.6333333333333333,1514.3103448275863,0.08269760850456073,0
2023-12-12,0.99,0.9,0.7,0.9,0.1,0.5,0.001307850307143396,1762.6000000000001,0.6366666666666666,1514.3103448275863,0.08269760850456073,0
2023-12-13,0.99,0.9,0.7,0.9,0.1,0.5,0.0013102221423495525,1773.0,0.6333333333333333,1514.3103448275863,0.07678777994567024,0
2023-12-14,0.99,0.9,0.7,0.9,0.1,0.5,0.001312536073588098,1773.0,0.6333333333333333,1514.3103448275863,0.07678777994567024,0
2023-12-15,0.99,0.9,0.7,0.9,0.1,0.5,0.0013137199920325868,1788.0,0.6333333333333333,1514.3103448275863,0.07647942043011308,3
2023-12-18,0.99,0.9,0.7,0.9,0.1,0.5,0.0013165986716354686,1822.8000000000002,0.6333333333333333,1490.696551724138,0.07647942043011308,1
2023-12-19,0.99,0.9,0.7,0.9,0.1,0.5,0.001320883352747397,1834.4000000000003,0.6333333333333333,1496.6,0.07678777994567024,0
2023-12-20,0.99,0.9,0.7,0.9,0.1,0.5,0.0013226141084067982,1822.8000000000002,0.6333333333333333,1600.7586206896551,0.08192935613519883,0
2023-12-21,0.99,0.9,0.7,0.9,0.1,0.5,0.0013295843737077102,1811.1999999999998,0.6333333333333333,1600.7586206896551,0.08192935613519883,0
2023-12-22,0.99,0.9,0.7,0.9,0.1,0.5,0.0013323217274015086,1805.4000000000003,0.6333333333333333,1600.7586206896551,0.08192935613519883,0
2023-12-25,0.99,0.9,0.7,0.9,0.1,0.5,0.0013338105107663734,1980.0,0.6333333333333333,1604.9068965517242,0.07902928739072299,0
2023-12-26,0.99,0.9,0.7,0.9,0.1,0.5,0.001336465835233934,2006.8000000000004,0.6333333333333333,1609.0551724137931,0.07902928739072299,2
2023-12-27,0.99,0.9,0.7,0.9,0.1,0.5,0.0013384107767199004,1926.4000000000012,0.6333333333333333,1600.7586206896551,0.08047932176296091,1
2023-12-28,0.99,0.9,0.7,0.9,0.1,0.5,0.001339229018725417,1899.6000000000008,0.6333333333333333,1600.7586206896551,0.08192935613519883,0
2023-12-29,0.99,0.9,0.7,0.9,0.1,0.5,0.0013436382494008902,1926.4000000000012,0.6333333333333333,1638.0931034482758,0.08268846722917889,0
2024-01-02,0.99,0.9,0.7,0.9,0.1,0.5,0.0013437800360555758,1926.4000000000012,0.6333333333333333,1638.0931034482758,0.08192935613519883,0
2024-01-03,0.99,0.9,0.7,0.9,0.1,0.5,0.0013456972148434452,1926.4000000000012,0.6333333333333333,1638.0931034482758,0.08192935613519883,1
2024-01-04,0.99,0.9,0.7,0.9,0.1,0.5,0.0013485352361405592,2031.6000000000004,0.6333333333333333,1633.944827586207,0.08344757832315895,0
2024-01-05,0.99,0.9,0.7,0.9,0.1,0.5,0.0013510812386143337,2011.0,0.6333333333333333,1688.151724137931,0.08344757832315895,1
2024-01-08,0.99,0.9,0.7,0.9,0.1,0.5,0.0013552941591285124,2031.6000000000004,0.6333333333333333,1642.2413793103449,0.0860254116822889,0
2024-01-09,0.99,0.9,0.7,0.9,0.1,0.5,0.001357783032980918,2093.4000000000005,0.6333333333333333,1828.2068965517242,0.090087660881956,0
2024-01-10,0.99,0.9,0.7,0.9,0.1,0.5,0.0013611548634219178,2072.8,0.6333333333333333,1844.4827586206898,0.08860324504141885,0
2024-01-11,0.99,0.9,0.7,0.9,0.1,0.5,0.0013637081317721862,2083.1000000000004,0.6333333333333333,1844.4827586206898,0.0860254116822889,0
2024-01-12,0.99,0.9,0.7,0.9,0.1,0.5,0.0013670846455124857,2093.4000000000005,0.6333333333333333,1926.7931034482758,0.090087660881956,1
2024-01-15,0.99,0.9,0.7,0.9,0.1,0.5,0.0013684338660855844,2083.1000000000004,0.6333333333333333,1924.9241379310345,0.09157207672249314,0
2024-01-16,0.99,0.9,0.7,0.9,0.1,0.5,0.001373492283683489,2093.4000000000005,0.6333333333333333,1926.7931034482758,0.090087660881956,0
2024-01-17,0.99,0.9,0.7,0.9,0.1,0.5,0.0013762582752913268,2103.7,0.6333333333333333,1928.6620689655174,0.090087660881956,0
2024-01-18,0.99,0.9,0.7,0.9,0.1,0.5,0.001381152052925738,1994.4999999999998,0.6333333333333333,1928.6620689655174,0.08860324504141885,0
2024-01-19,0.99,0.9,0.7,0.9,0.1,0.5,0.001385870741160836,2083.1000000000004,0.6333333333333333,2271.0344827586205,0.0860254116822889,3
2024-01-22,0.99,0.9,0.7,0.9,0.1,0.5,0.0013926566183086202,2072.8,0.6333333333333333,2271.0344827586205,0.08268846722917889,0
2024-01-23,0.99,0.9,0.7,0.9,0.1,0.5,0.0013959983268897647,2083.1000000000004,0.6333333333333333,2271.0344827586205,0.08268846722917889,1
2024-01-24,0.99,0.9,0.7,0.9,0.1,0.5,0.0013982928262742335,2083.1000000000004,0.6333333333333333,2221.275862068965,0.08344757832315895,3
2024-01-25,0.99,0.9,0.7,0.9,0.1,0.5,0.0014033100023246297,2093.4000000000005,0.6333333333333333,2229.568965517241,0.09572108155204004,0
2024-01-26,0.99,0.9,0.7,0.9,0.1,0.5,0.0014064926710368243,2103.7,0.6333333333333333,2402.655172413793,0.09572108155204004,0
2024-01-29,0.99,0.9,0.7,0.9,0.1,0.5,0.0014088902512572315,2093.4000000000005,0.6333333333333333,2336.8448275862065,0.09926590774182176,0
2024-01-30,0.99,0.9,0.7,0.9,0.1,0.5,0.0014130063875613843,2062.5,0.6333333333333333,2297.3586206896553,0.09926590774182176,0
2024-01-31,0.99,0.9,0.7,0.9,0.1,0.5,0.0014194000285532036,2021.3000000000002,0.6333333333333333,2373.551724137931,0.09926590774182176,0
2024-02-01,0.99,0.9,0.7,0.9,0.1,0.5,0.0014225431273882378,2011.0,0.6666666666666666,2373.551724137931,0.09572108155204004,0
2024-02-02,0.99,0.9,0.7,0.9,0.1,0.5,0.0014244485996821005,1977.9999999999995,0.6599999999999999,2474.241379310345,0.090087660881956,3
2024-02-05,0.99,0.9,0.7,0.9,0.1,0.5,0.001433086154282706,1994.4999999999998,0.6666666666666666,2486.1724137931037,0.09469408925325246,0
2024-02-06,0.99,0.9,0.7,0.9,0.1,0.5,0.0014442989033584739,1782.3999999999999,0.6666666666666666,2903.9310344827586,0.1013651101559746,1
2024-02-07,0.99,0.9,0.7,0.9,0.1,0.5,0.0014474365513193125,1782.3999999999999,0.6666666666666666,2903.9310344827586,0.1013651101559746,0
2024-02-08,0.99,0.9,0.7,0.9,0.1,0.5,0.0014488029822051346,1785.2,0.6666666666666666,2903.9310344827586,0.1050069024430773,0
2024-02-19,0.99,0.9,0.7,0.9,0.1,0.5,0.0014505960803394605,1785.2,0.6666666666666666,2903.9310344827586,0.1050069024430773,0
2024-02-20,0.99,0.9,0.7,0.9,0.1,0.5,0.0014516985414088997,1788.0,0.6666666666666666,2903.9310344827586,0.1050069024430773,0
2024-02-21,0.99,0.9,0.7,0.9,0.1,0.5,0.001451971848972879,1788.0,0.6666666666666666,2903.9310344827586,0.1050069024430773,1
2024-02-22,0.99,0.9,0.7,0.9,0.1,0.5,0.0014523232217915727,1793.8000000000002,0.6666666666666666,2903.9310344827586,0.1050069024430773,1
2024-02-23,0.99,0.9,0.7,0.9,0.1,0.5,0.001452651570976448,1788.0,0.6666666666666666,2903.9310344827586,0.10864869473017999,0
2024-02-26,0.99,0.9,0.7,0.9,0.1,0.5,0.0014529090801364997,1788.0,0.6666666666666666,2903.9310344827586,0.10864869473017999,0
2024-02-27,0.99,0.9,0.7,0.9,0.1,0.5,0.0014546621696783948,1793.8000000000002,0.6666666666666666,2903.9310344827586,0.11083163275593821,0
2024-02-28,0.99,0.9,0.7,0.9,0.1,0.5,0.0014546621696783948,1793.8000000000002,0.6666666666666666,2903.9310344827586,0.11083163275593821,1
2024-02-29,0.99,0.9,0.7,0.9,0.1,0.5,0.001456029644524977,1788.0,0.6666666666666666,2903.9310344827586,0.11301457078169644,0
2024-03-01,0.99,0.9,0.7,0.9,0.1,0.5,0.0014548484355243019,1788.0,0.6666666666666666,2903.9310344827586,0.11301457078169644,0
2024-03-04,0.99,0.9,0.7,0.9,0.1,0.5,0.0014554035666039045,1788.0,0.6666666666666666,2903.9310344827586,0.11301457078169644,0
2024-03-05,0.99,0.9,0.7,0.9,0.1,0.5,0.0014557654393751258,1788.0,0.6666666666666666,2903.9310344827586,0.11301457078169644,0
2024-03-06,0.99,0.9,0.7,0.9,0.1,0.5,0.0014557654393751258,1788.0,0.6666666666666666,2903.9310344827586,0.11301457078169644,0
2024-03-07,0.99,0.9,0.7,0.9,0.1,0.5,0.0014557654393751258,1788.0,0.6666666666666666,2903.9310344827586,0.11301457078169644,0
2024-03-08,0.99,0.9,0.7,0.9,0.1,0.5,0.0014554035666039045,1788.0,0.6666666666666666,2903.9310344827586,0.11301457078169644,0
2024-03-11,0.99,0.9,0.7,0.9,0.1,0.5,0.0014554035666039045,1788.0,0.6666666666666666,2903.9310344827586,0.11301457078169644,0
2024-03-12,0.99,0.9,0.7,0.9,0.1,0.5,0.0014554035666039045,1788.0,0.6666666666666666,2903.9310344827586,0.11301457078169644,0
2024-03-13,0.99,0.9,0.7,0.9,0.1,0.5,0.0014551726690152703,1788.0,0.6666666666666666,2903.9310344827586,0.11301457078169644,0
2024-03-14,0.99,0.9,0.7,0.9,0.1,0.5,0.0014554035666039045,1788.0,0.6666666666666666,2903.9310344827586,0.11301457078169644,0
2024-03-15,0.99,0.9,0.7,0.9,0.1,0.5,0.0014557654393751258,1788.0,0.6666666666666666,2903.9310344827586,0.11301457078169644,0
2024-03-18,0.99,0.9,0.7,0.9,0.1,0.5,0.0014554035666039045,1793.8000000000002,0.6666666666666666,2903.9310344827586,0.11301457078169644,0
2024-03-19,0.99,0.9,0.7,0.9,0.1,0.5,0.0014554035666039045,1793.8000000000002,0.6666666666666666,2903.9310344827586,0.11301457078169644,0
2024-03-20,0.99,0.9,0.7,0.9,0.1,0.5,0.001456029644524977,1793.8000000000002,0.6666666666666666,2903.9310344827586,0.11301457078169644,0
2024-03-21,0.99,0.9,0.7,0.9,0.1,0.5,0.0014566370166282348,1799.6000000000001,0.6666666666666666,2903.9310344827586,0.11083163275593821,0
2024-03-22,0.99,0.9,0.7,0.9,0.1,0.5,0.0014566370166282348,1799.6000000000001,0.6666666666666666,2903.9310344827586,0.11083163275593821,0
2024-03-25,0.99,0.9,0.7,0.9,0.1,0.5,0.0014566370166282348,1799.6000000000001,0.6666666666666666,2903.9310344827586,0.11083163275593821,0
2024-03-26,0.99,0.9,0.7,0.9,0.1,0.5,0.0014571604391722221,1799.6000000000001,0.6666666666666666,2903.9310344827586,0.11083163275593821,0
2024-03-27,0.99,0.9,0.7,0.9,0.1,0.5,0.0014565628930882709,1799.6000000000001,0.6666666666666666,2903.9310344827586,0.11083163275593821,0
2024-03-28,0.99,0.9,0.7,0.9,0.1,0.5,0.0014571604391722221,1799.6000000000001,0.6666666666666666,2903.9310344827586,0.11083163275593821,0
2024-03-29,0.99,0.9,0.7,0.9,0.1,0.5,0.0014575157890129949,1799.6000000000001,0.6666666666666666,2903.9310344827586,0.11083163275593821,0
2024-04-01,0.99,0.9,0.7,0.9,0.1,0.5,0.0014571604391722221,1799.6000000000001,0.6666666666666666,2903.9310344827586,0.11083163275593821,0
2024-04-02,0.99,0.9,0.7,0.9,0.1,0.5,0.0014571604391722221,1799.6000000000001,0.6666666666666666,2903.9310344827586,0.11083163275593821,0
2024-04-03,0.99,0.9,0.7,0.9,0.1,0.5,0.0014571604391722221,1799.6000000000001,0.6666666666666666,2903.9310344827586,0.11083163275593821,0
2024-04-08,0.99,0.9,0.7,0.9,0.1,0.5,0.0014571604391722221,1799.6000000000001,0.6666666666666666,2903.9310344827586,0.11083163275593821,0
2024-04-09,0.99,0.9,0.7,0.9,0.1,0.5,0.0014575157890129949,1799.6000000000001,0.6666666666666666,2903.9310344827586,0.11083163275593821,0
2024-04-10,0.99,0.9,0.7,0.9,0.1,0.5,0.0014575157890129949,1799.6000000000001,0.6666666666666666,2903.9310344827586,0.11083163275593821,0
2024-04-11,0.99,0.9,0.7,0.9,0.1,0.5,0.0014578120256427557,1805.4000000000003,0.6666666666666666,2903.9310344827586,0.11083163275593821,0
2024-04-12,0.99,0.9,0.7,0.9,0.1,0.5,0.0014578120256427557,1805.4000000000003,0.6666666666666666,2903.9310344827586,0.11083163275593821,0
2024-04-15,0.99,0.9,0.7,0.9,0.1,0.5,0.0014578120256427557,1805.4000000000003,0.6666666666666666,2903.9310344827586,0.11083163275593821,0
2024-04-16,0.99,0.9,0.7,0.9,0.1,0.5,0.0014578746935386133,1811.1999999999998,0.6666666666666666,2903.9310344827586,0.11301457078169644,0
2024-04-17,0.99,0.9,0.7,0.9,0.1,0.5,0.0014581964242982824,1811.1999999999998,0.6666666666666666,2903.9310344827586,0.11301457078169644,0
2024-04-18,0.99,0.9,0.7,0.9,0.1,0.5,0.0014578746935386133,1811.1999999999998,0.6666666666666666,2903.9310344827586,0.11301457078169644,0
2024-04-19,0.99,0.9,0.7,0.9,0.1,0.5,0.0014578746935386133,1811.1999999999998,0.6666666666666666,2903.9310344827586,0.11301457078169644,0
2024-04-22,0.99,0.9,0.7,0.9,0.1,0.5,0.0014571604391722221,1799.6000000000001,0.6666666666666666,2903.9310344827586,0.11083163275593821,0
2024-04-23,0.99,0.9,0.7,0.9,0.1,0.5,0.0014565628930882709,1799.6000000000001,0.6666666666666666,2903.9310344827586,0.11083163275593821,0
2024-04-24,0.99,0.9,0.7,0.9,0.1,0.5,0.0014565628930882709,1799.6000000000001,0.6666666666666666,2903.9310344827586,0.11083163275593821,0
2024-04-25,0.99,0.9,0.7,0.9,0.1,0.5,0.0014575157890129949,1799.6000000000001,0.6666666666666666,2903.9310344827586,0.11083163275593821,0
2024-04-26,0.99,0.9,0.7,0.9,0.1,0.5,0.0014575157890129949,1799.6000000000001,0.6666666666666666,2903.9310344827586,0.11083163275593821,0
2024-04-29,0.99,0.9,0.7,0.9,0.1,0.5,0.0014578120256427557,1805.4000000000003,0.6666666666666666,2903.9310344827586,0.11083163275593821,0
2024-04-30,0.99,0.9,0.7,0.9,0.1,0.5,0.0014578120256427557,1805.4000000000003,0.6666666666666666,2903.9310344827586,0.11083163275593821,0
2024-05-06,0.99,0.9,0.7,0.9,0.1,0.5,0.0014578120256427557,1805.4000000000003,0.6666666666666666,2903.9310344827586,0.11083163275593821,0
2024-05-07,0.99,0.9,0.7,0.9,0.1,0.5,0.0014571604391722221,1805.4000000000003,0.6666666666666666,2903.9310344827586,0.11083163275593821,0
2024-05-08,0.99,0.9,0.7,0.9,0.1,0.5,0.0014571604391722221,1805.4000000000003,0.6666666666666666,2903.9310344827586,0.11083163275593821,0
2024-05-09,0.99,0.9,0.7,0.9,0.1,0.5,0.0014563969354234765,1799.6000000000001,0.6666666666666666,2903.9310344827586,0.11301457078169644,0
2024-05-10,0.99,0.9,0.7,0.9,0.1,0.5,0.0014560225151508388,1799.6000000000001,0.6666666666666666,2903.9310344827586,0.11301457078169644,0
2024-05-13,0.99,0.9,0.7,0.9,0.1,0.5,0.0014560225151508388,1799.6000000000001,0.6666666666666666,2903.9310344827586,0.11301457078169644,0
2024-05-14,0.99,0.9,0.7,0.9,0.1,0.5,0.0014560225151508388,1799.6000000000001,0.6666666666666666,2903.9310344827586,0.11301457078169644,0
2024-05-15,0.99,0.9,0.7,0.9,0.1,0.5,0.0014548484355243019,1799.6000000000001,0.6666666666666666,2903.9310344827586,0.11301457078169644,0
2024-05-16,0.99,0.9,0.7,0.9,0.1,0.5,0.0014552575966281565,1799.6000000000001,0.6666666666666666,2903.9310344827586,0.11301457078169644,0
2024-05-17,0.99,0.9,0.7,0.9,0.1,0.5,0.0014548484355243019,1805.4000000000003,0.6666666666666666,2903.9310344827586,0.11301457078169644,0
2024-05-20,0.99,0.9,0.7,0.9,0.1,0.5,0.0014548484355243019,1805.4000000000003,0.6666666666666666,2903.9310344827586,0.11301457078169644,0
2024-05-21,0.99,0.9,0.7,0.9,0.1,0.5,0.0014548484355243019,1805.4000000000003,0.6666666666666666,2903.9310344827586,0.11301457078169644,0
2024-05-22,0.99,0.9,0.7,0.9,0.1,0.5,0.0014548484355243019,1805.4000000000003,0.6666666666666666,2903.9310344827586,0.11301457078169644,0
2024-05-23,0.99,0.9,0.7,0.9,0.1,0.5,0.0014548484355243019,1805.4000000000003,0.6666666666666666,2903.9310344827586,0.11301457078169644,0
2024-05-24,0.99,0.9,0.7,0.9,0.1,0.5,0.0014548484355243019,1805.4000000000003,0.6666666666666666,2903.9310344827586,0.11301457078169644,0
2024-05-27,0.99,0.9,0.7,0.9,0.1,0.5,0.0014548484355243019,1805.4000000000003,0.6666666666666666,2903.9310344827586,0.11301457078169644,0
2024-05-28,0.99,0.9,0.7,0.9,0.1,0.5,0.0014537850984616375,1799.6000000000001,0.6666666666666666,2903.9310344827586,0.11083163275593821,0
2024-05-29,0.99,0.9,0.7,0.9,0.1,0.5,0.0014537850984616375,1799.6000000000001,0.6666666666666666,2903.9310344827586,0.11083163275593821,0
2024-05-30,0.99,0.9,0.7,0.9,0.1,0.5,0.001452651570976448,1805.4000000000003,0.6666666666666666,2903.9310344827586,0.11301457078169644,0
2024-05-31,0.99,0.9,0.7,0.9,0.1,0.5,0.001452624153697498,1805.4000000000003,0.6666666666666666,2903.9310344827586,0.11301457078169644,0
2024-06-03,0.99,0.9,0.7,0.9,0.1,0.5,0.0014523232217915727,1811.1999999999998,0.6666666666666666,2903.9310344827586,0.11083163275593821,0
2024-06-04,0.99,0.9,0.7,0.9,0.1,0.5,0.0014522391832443142,1805.4000000000003,0.6666666666666666,2903.9310344827586,0.11301457078169644,0
2024-06-05,0.99,0.9,0.7,0.9,0.1,0.5,0.001451971848972879,1718.0000000000005,0.6666666666666666,2903.9310344827586,0.11301457078169644,0
2024-06-06,0.99,0.9,0.7,0.9,0.1,0.5,0.001451971848972879,1718.0000000000005,0.6666666666666666,2903.9310344827586,0.11301457078169644,0
2024-06-07,0.99,0.9,0.7,0.9,0.1,0.5,0.0014520748343250386,1727.9999999999998,0.6666666666666666,2903.9310344827586,0.11301457078169644,0
2024-06-11,0.99,0.9,0.7,0.9,0.1,0.5,0.0014505960803394605,1698.0000000000002,0.6666666666666666,2903.9310344827586,0.11301457078169644,0
2024-06-12,0.99,0.9,0.7,0.9,0.1,0.5,0.001450979310347693,1708.0000000000002,0.6666666666666666,2903.9310344827586,0.11301457078169644,0
2024-06-13,0.99,0.9,0.7,0.9,0.1,0.5,0.0014504729174500527,1698.0000000000002,0.6666666666666666,2903.9310344827586,0.11301457078169644,0
2024-06-14,0.99,0.9,0.7,0.9,0.1,0.5,0.0014496009801064523,1698.0000000000002,0.6666666666666666,2903.9310344827586,0.11301457078169644,0
2024-06-17,0.99,0.9,0.7,0.9,0.1,0.5,0.0014496009801064523,1683.2,0.6666666666666666,2903.9310344827586,0.11301457078169644,0
2024-06-18,0.99,0.9,0.7,0.9,0.1,0.5,0.0014505960803394605,1683.2,0.6666666666666666,2903.9310344827586,0.11301457078169644,0
2024-06-19,0.99,0.9,0.7,0.9,0.1,0.5,0.0014504729174500527,1667.3000000000002,0.6666666666666666,2903.9310344827586,0.11301457078169644,0
2024-06-20,0.99,0.9,0.7,0.9,0.1,0.5,0.0014484364171796422,1618.0,0.6666666666666666,2903.9310344827586,0.12068797870609825,0
2024-06-21,0.99,0.9,0.7,0.9,0.1,0.5,0.0014478489039001414,1626.6000000000001,0.6666666666666666,2903.9310344827586,0.12836138663050006,0
2024-06-24,0.99,0.9,0.7,0.9,0.1,0.5,0.0014472120558261471,1635.2000000000003,0.6666666666666666,2903.9310344827586,0.12068797870609825,0
2024-06-25,0.99,0.9,0.7,0.9,0.1,0.5,0.0014472120558261471,1643.8000000000004,0.6666666666666666,2903.9310344827586,0.12068797870609825,0
2024-06-26,0.99,0.9,0.7,0.9,0.1,0.5,0.0014460390907600673,1635.2000000000003,0.6666666666666666,2903.9310344827586,0.12836138663050006,0
2024-06-27,0.99,0.9,0.7,0.9,0.1,0.5,0.0014460390907600673,1635.2000000000003,0.6666666666666666,2903.9310344827586,0.12836138663050006,0
2024-06-28,0.99,0.9,0.7,0.9,0.1,0.5,0.0014460390907600673,1635.2000000000003,0.6666666666666666,2903.9310344827586,0.12836138663050006,0
2024-07-01,0.99,0.9,0.7,0.9,0.1,0.5,0.0014459457681891014,1643.8000000000004,0.6666666666666666,2903.9310344827586,0.15075667939344348,0
2024-07-02,0.99,0.9,0.7,0.9,0.1,0.5,0.0014460390907600673,1643.8000000000004,0.6666666666666666,2903.9310344827586,0.15075667939344348,0
2024-07-03,0.99,0.9,0.7,0.9,0.1,0.5,0.00144593631618004,1643.8000000000004,0.6666666666666666,2903.9310344827586,0.15075667939344348,0
2024-07-04,0.99,0.9,0.7,0.9,0.1,0.5,0.0014459457681891014,1643.8000000000004,0.6666666666666666,2903.9310344827586,0.15075667939344348,0
2024-07-05,0.99,0.9,0.7,0.9,0.1,0.5,0.00144593631618004,1643.8000000000004,0.6666666666666666,2903.9310344827586,0.15075667939344348,0
2024-07-08,0.99,0.9,0.7,0.9,0.1,0.5,0.00144530280777494,1635.2000000000003,0.6666666666666666,2903.9310344827586,0.1731519721563869,0
2024-07-09,0.99,0.9,0.7,0.9,0.1,0.5,0.00144530280777494,1673.6000000000001,0.6666666666666666,2903.9310344827586,0.1942127862129801,0
2024-07-10,0.99,0.9,0.7,0.9,0.1,0.5,0.0014447950887213044,1671.5,0.6666666666666666,2903.9310344827586,0.2152736002695733,0
2024-07-11,0.99,0.9,0.7,0.9,0.1,0.5,0.0014425750333824227,1626.6000000000001,0.6666666666666666,2903.9310344827586,0.2152736002695733,0
2024-07-12,0.99,0.9,0.7,0.9,0.1,0.5,0.001441656866715783,1643.8000000000004,0.6666666666666666,2903.9310344827586,0.21933046576924198,0
2024-07-15,0.99,0.9,0.7,0.9,0.1,0.5,0.0014413060706993878,1643.8000000000004,0.6666666666666666,2903.9310344827586,0.22402801257377775,0
2024-07-16,0.99,0.9,0.7,0.9,0.1,0.5,0.0014388939240944283,1677.8000000000002,0.6666666666666666,2903.9310344827586,0.22402801257377775,0
2024-07-17,0.99,0.9,0.7,0.9,0.1,0.5,0.001439507953313051,1677.8000000000002,0.6666666666666666,2903.9310344827586,0.22402801257377775,0
2024-07-18,0.99,0.9,0.7,0.9,0.1,0.5,0.001437515384896065,1679.8999999999999,0.6666666666666666,2903.9310344827586,0.22402801257377775,0
2024-07-19,0.99,0.9,0.7,0.9,0.1,0.5,0.001437515384896065,1682.0,0.6666666666666666,2903.9310344827586,0.22872555937831351,0
2024-07-22,0.99,0.9,0.7,0.9,0.1,0.5,0.0014369331710344581,1682.6,0.6666666666666666,2903.9310344827586,0.2884008941477628,0
2024-07-23,0.99,0.9,0.7,0.9,0.1,0.5,0.0014340736993062409,1617.8,0.6666666666666666,2903.9310344827586,0.2884008941477628,0
2024-07-24,0.99,0.9,0.7,0.9,0.1,0.5,0.0014314473710013453,1686.2,0.6666666666666666,2903.9310344827586,0.3835061236416364,0
2024-07-25,0.99,0.9,0.7,0.9,0.1,0.5,0.0014291944795830017,1686.2,0.6666666666666666,2903.9310344827586,0.3835061236416364,0
2024-07-26,0.99,0.9,0.7,0.9,0.1,0.5,0.0014240354522439937,1685.0,0.6666666666666666,2903.9310344827586,0.3698406585394964,0
2024-07-29,0.99,0.9,0.7,0.9,0.1,0.5,0.0014215613946770393,1686.8,0.6666666666666666,2903.9310344827586,0.3561751934373564,0
2024-07-30,0.99,0.9,0.7,0.9,0.1,0.5,0.0014214420336306566,1682.0,0.6666666666666666,2903.9310344827586,0.3244767208188698,0
2024-07-31,0.99,0.9,0.7,0.9,0.1,0.5,0.001419746599453867,1705.0,0.6666666666666666,2903.9310344827586,0.29277824820038323,0
2024-08-01,0.99,0.9,0.7,0.9,0.1,0.5,0.0014165083905322785,1761.6999999999998,0.6666666666666666,2903.9310344827586,0.29277824820038323,0
2024-08-02,0.99,0.9,0.7,0.9,0.1,0.5,0.0014127310926623094,1943.0,0.6666666666666666,2903.9310344827586,0.2645900084259228,0
2024-08-05,0.99,0.9,0.7,0.9,0.1,0.5,0.0014101933375108896,1964.8000000000004,0.6599999999999999,2903.9310344827586,0.24692566918096326,0
2024-08-06,0.99,0.9,0.7,0.9,0.1,0.5,0.001409494060768827,1964.8000000000004,0.6599999999999999,2903.9310344827586,0.25575783880344305,0
2024-08-07,0.99,0.9,0.7,0.9,0.1,0.5,0.0014041704871495344,2085.8000000000006,0.6333333333333333,2903.9310344827586,0.25575783880344305,0
2024-08-08,0.99,0.9,0.7,0.9,0.1,0.5,0.0013920986599987926,2154.0,0.6333333333333333,2115.0344827586205,0.1981596744954781,0
2024-08-09,0.99,0.9,0.7,0.9,0.1,0.5,0.0013903548051032275,2198.6,0.6333333333333333,2115.0344827586205,0.22431907742443938,0
2024-08-12,0.99,0.9,0.7,0.9,0.1,0.5,0.0013884442562815311,2189.2000000000003,0.6233333333333332,1946.0344827586207,0.27868412831315303,0
2024-08-13,0.99,0.9,0.7,0.9,0.1,0.5,0.0013900558591106618,2217.4,0.6199999999999998,1953.5724137931036,0.29277824820038323,0
2024-08-14,0.99,0.9,0.7,0.9,0.1,0.5,0.0013900558591106618,2233.4000000000005,0.6333333333333333,1959.9724137931034,0.23137484146070045,0
2024-08-15,0.99,0.9,0.7,0.9,0.1,0.5,0.0013896812038596187,2255.0,0.6333333333333333,1963.1724137931035,0.2645900084259228,0
2024-08-16,0.99,0.9,0.7,0.9,0.1,0.5,0.0013885750699783321,2147.0,0.6333333333333333,1963.1724137931035,0.2154003044566718,0
2024-08-19,0.99,0.9,0.7,0.9,0.1,0.5,0.0013901383104270328,2190.2,0.6333333333333333,1975.9724137931034,0.16621060048742084,0
2024-08-20,0.99,0.9,0.7,0.9,0.1,0.5,0.001391767908272953,2201.0,0.6333333333333333,1979.1724137931035,0.12327486633572848,0
2024-08-21,0.99,0.9,0.7,0.9,0.1,0.5,0.0013933832163577256,2024.5999999999997,0.6333333333333333,1975.9724137931034,0.07377075691465004,0
2024-08-22,0.99,0.9,0.7,0.9,0.1,0.5,0.0013960521317048105,1943.0,0.6166666666666665,1963.1724137931035,0.11661040216269837,0
2024-08-23,0.99,0.9,0.7,0.9,0.1,0.5,0.001394616954636347,1983.8000000000006,0.6333333333333333,1969.5724137931036,0.057906836570943795,0
2024-08-26,0.99,0.9,0.7,0.9,0.1,0.5,0.0013959771365985034,1963.4000000000003,0.6333333333333333,2057.7724137931036,0.057906836570943795,0
2024-08-27,0.99,0.9,0.7,0.9,0.1,0.5,0.0013959771365985034,1963.4000000000003,0.6333333333333333,2057.7724137931036,0.057906836570943795,0
2024-08-28,0.99,0.9,0.7,0.9,0.1,0.5,0.0013958946011778776,1943.0,0.6333333333333333,1969.5724137931036,0.057906836570943795,0
2024-08-29,0.99,0.9,0.7,0.9,0.1,0.5,0.0013959078334959412,1943.0,0.6333333333333333,1972.7724137931036,0.04880346930391169,0
2024-08-30,0.99,0.9,0.7,0.9,0.1,0.5,0.00139633828571296,2004.200000000001,0.6333333333333333,1972.7724137931036,0.04880346930391169,0
2024-09-02,0.99,0.9,0.7,0.9,0.1,0.5,0.001398890659952637,2024.5999999999997,0.6333333333333333,1933.6724137931033,0.057906836570943795,2
2024-09-03,0.99,0.9,0.7,0.9,0.1,0.5,0.0014004876203839035,1983.8000000000006,0.6333333333333333,1929.4310344827586,0.06710629274161993,0
2024-09-04,0.99,0.9,0.7,0.9,0.1,0.5,0.0014013191245441873,1983.8000000000006,0.6333333333333333,1929.4310344827586,0.06710629274161993,0
2024-09-05,0.99,0.9,0.7,0.9,0.1,0.5,0.0014013191245441873,2004.200000000001,0.6333333333333333,1931.5517241379312,0.06710629274161993,0
2024-09-06,0.99,0.9,0.7,0.9,0.1,0.5,0.0014013191245441873,2004.200000000001,0.6333333333333333,1931.5517241379312,0.06710629274161993,0
2024-09-09,0.99,0.9,0.7,0.9,0.1,0.5,0.0014022273311698923,2024.5999999999997,0.6333333333333333,1933.6724137931033,0.06710629274161993,1
2024-09-10,0.99,0.9,0.7,0.9,0.1,0.5,0.001403993377764201,1800.1999999999996,0.6333333333333333,1914.5862068965516,0.06710629274161993,0
2024-09-11,0.99,0.9,0.7,0.9,0.1,0.5,0.0014074490407007406,1800.1999999999996,0.6233333333333333,2055.4137931034484,0.048923074274964985,1
2024-09-12,0.99,0.9,0.7,0.9,0.1,0.5,0.001409454663521314,1687.6,0.6,2055.4137931034484,0.05036617605118146,0
2024-09-13,0.99,0.9,0.7,0.9,0.1,0.5,0.0014100626210610714,1693.4,0.6099999999999999,2055.4137931034484,0.05036617605118146,0
2024-09-18,0.99,0.9,0.7,0.9,0.1,0.5,0.0014118757536778887,1893.800000000001,0.6333333333333333,2055.4137931034484,0.0670102038379759,0
2024-09-19,0.99,0.9,0.7,0.9,0.1,0.5,0.0014148567352260148,1917.3999999999996,0.6333333333333333,2055.4137931034484,0.0670102038379759,0
2024-09-20,0.99,0.9,0.7,0.9,0.1,0.5,0.001416763364016198,1941.2,0.6666666666666666,2055.4137931034484,0.07405885896856804,0
2024-09-23,0.99,0.9,0.7,0.9,0.1,0.5,0.0014189414306075318,1829.4,0.6333333333333333,2055.4137931034484,0.06118974090210243,1
2024-09-24,0.99,0.9,0.7,0.9,0.1,0.5,0.001419475704310071,1829.4,0.6333333333333333,2055.4137931034484,0.06118974090210243,1
2024-09-25,0.99,0.9,0.7,0.9,0.1,0.5,0.0014204761280485884,1829.4,0.6333333333333333,2055.4137931034484,0.06118974090210243,0
2024-09-26,0.99,0.9,0.7,0.9,0.1,0.5,0.0014207592242749788,1829.4,0.6333333333333333,2055.4137931034484,0.06118974090210243,0
2024-09-27,0.99,0.9,0.7,0.9,0.1,0.5,0.0014210959303254847,1829.4,0.6333333333333333,2055.4137931034484,0.06118974090210243,0
2024-09-30,0.99,0.9,0.7,0.9,0.1,0.5,0.0014272869413261184,1783.4000000000003,0.6199999999999999,1968.8206896551728,0.0551771001589409,0
2024-10-08,0.99,0.9,0.7,0.9,0.1,0.5,0.0014337292039147563,1783.4000000000003,0.6,2055.4137931034484,0.0551771001589409,2
2024-10-09,0.99,0.9,0.7,0.9,0.1,0.5,0.0014448160665371244,1942.0,0.6,2055.4137931034484,0.0680462182254065,0
2024-10-10,0.99,0.9,0.7,0.9,0.1,0.5,0.0014477886658237932,1942.4,0.6,2062.0689655172414,0.08091533629187211,0
2024-10-11,0.99,0.9,0.7,0.9,0.1,0.5,0.0014483262866753365,1942.4,0.6,2062.0689655172414,0.08091533629187211,0
2024-10-14,0.99,0.9,0.7,0.9,0.1,0.5,0.0014487122201242441,1942.4,0.6,2062.0689655172414,0.08091533629187211,0
2024-10-15,0.99,0.9,0.7,0.9,0.1,0.5,0.0014492886419250608,1942.4,0.6,2062.0689655172414,0.08091533629187211,0
2024-10-16,0.99,0.9,0.7,0.9,0.1,0.5,0.0014492886419250608,1942.4,0.6,2062.0689655172414,0.08091533629187211,0
2024-10-17,0.99,0.9,0.7,0.9,0.1,0.5,0.0014487122201242441,1942.4,0.6,2062.0689655172414,0.08091533629187211,0
2024-10-18,0.99,0.9,0.7,0.9,0.1,0.5,0.001449403822482545,1942.4,0.6,2062.0689655172414,0.08091533629187211,0
2024-10-21,0.99,0.9,0.7,0.9,0.1,0.5,0.001449508169434935,1942.2,0.6,2121.9655172413795,0.08091533629187211,0
2024-10-22,0.99,0.9,0.7,0.9,0.1,0.5,0.001449399828405438,1942.2,0.6,2121.9655172413795,0.08091533629187211,0
2024-10-23,0.99,0.9,0.7,0.9,0.1,0.5,0.001449399828405438,1942.2,0.6,2121.9655172413795,0.08091533629187211,0
2024-10-24,0.99,0.9,0.7,0.9,0.1,0.5,0.0014492886419250608,1942.2,0.6,2121.9655172413795,0.08091533629187211,0
2024-10-25,0.99,0.9,0.7,0.9,0.1,0.5,0.0014483262866753365,1942.2,0.6,2121.9655172413795,0.08091533629187211,0
2024-10-28,0.99,0.9,0.7,0.9,0.1,0.5,0.0014483262866753365,1942.2,0.6,2121.9655172413795,0.08091533629187211,0
2024-10-29,0.99,0.9,0.7,0.9,0.1,0.5,0.0014474042537988357,1942.2,0.6,2121.9655172413795,0.08091533629187211,0
2024-10-30,0.99,0.9,0.7,0.9,0.1,0.5,0.0014477886658237932,1942.2,0.6,2121.9655172413795,0.08091533629187211,0
2024-10-31,0.99,0.9,0.7,0.9,0.1,0.5,0.0014474042537988357,1942.2,0.6,2121.9655172413795,0.08091533629187211,0
2024-11-01,0.99,0.9,0.7,0.9,0.1,0.5,0.0014474042537988357,1942.2,0.6,2121.9655172413795,0.08091533629187211,0
2024-11-04,0.99,0.9,0.7,0.9,0.1,0.5,0.0014474042537988357,1942.2,0.6,2121.9655172413795,0.08091533629187211,0
2024-11-05,0.99,0.9,0.7,0.9,0.1,0.5,0.0014474042537988357,1942.2,0.6,2121.9655172413795,0.08091533629187211,0
2024-11-06,0.99,0.9,0.7,0.9,0.1,0.5,0.0014474042537988357,1942.2,0.6,2121.9655172413795,0.08091533629187211,0
2024-11-07,0.99,0.9,0.7,0.9,0.1,0.5,0.0014477886658237932,1942.2,0.6,2121.9655172413795,0.08091533629187211,0
2024-11-08,0.99,0.9,0.7,0.9,0.1,0.5,0.0014474042537988357,1942.2,0.6,2121.9655172413795,0.08091533629187211,0
2024-11-11,0.99,0.9,0.7,0.9,0.1,0.5,0.0014474042537988357,1942.2,0.6,2121.9655172413795,0.08091533629187211,0
2024-11-12,0.99,0.9,0.7,0.9,0.1,0.5,0.0014471210716341376,1942.2,0.6,2121.9655172413795,0.08091533629187211,0
2024-11-13,0.99,0.9,0.7,0.9,0.1,0.5,0.0014471210716341376,1942.2,0.6,2121.9655172413795,0.08091533629187211,0
2024-11-14,0.99,0.9,0.7,0.9,0.1,0.5,0.0014471210716341376,1942.2,0.6,2121.9655172413795,0.08091533629187211,0
2024-11-15,0.99,0.9,0.7,0.9,0.1,0.5,0.0014471210716341376,1942.2,0.6,2121.9655172413795,0.08091533629187211,0
2024-11-18,0.99,0.9,0.7,0.9,0.1,0.5,0.0014469405733602407,1942.0,0.6,2115.3103448275865,0.0680462182254065,0
2024-11-19,0.99,0.9,0.7,0.9,0.1,0.5,0.0014471210716341376,1942.2,0.6,2121.9655172413795,0.08091533629187211,0
2024-11-20,0.99,0.9,0.7,0.9,0.1,0.5,0.0014477886658237932,1942.2,0.6,2121.9655172413795,0.08091533629187211,0
2024-11-21,0.99,0.9,0.7,0.9,0.1,0.5,0.0014477886658237932,1942.2,0.6,2121.9655172413795,0.08091533629187211,0
2024-11-22,0.99,0.9,0.7,0.9,0.1,0.5,0.0014479692021710155,1942.2,0.6,2121.9655172413795,0.08091533629187211,0
2024-11-25,0.99,0.9,0.7,0.9,0.1,0.5,0.0014483262866753365,1942.2,0.6,2121.9655172413795,0.08091533629187211,0
2024-11-26,0.99,0.9,0.7,0.9,0.1,0.5,0.0014483262866753365,1942.2,0.6,2121.9655172413795,0.08091533629187211,0
2024-11-27,0.99,0.9,0.7,0.9,0.1,0.5,0.0014483262866753365,1942.2,0.6,2121.9655172413795,0.08091533629187211,0
2024-11-28,0.99,0.9,0.7,0.9,0.1,0.5,0.0014487122201242441,1942.2,0.6,2121.9655172413795,0.08091533629187211,0
2024-11-29,0.99,0.9,0.7,0.9,0.1,0.5,0.0014483262866753365,1942.2,0.6,2121.9655172413795,0.08091533629187211,0
2024-12-02,0.99,0.9,0.7,0.9,0.1,0.5,0.0014483262866753365,1942.2,0.6,2121.9655172413795,0.08091533629187211,0
2024-12-03,0.99,0.9,0.7,0.9,0.1,0.5,0.0014479692021710155,1942.2,0.6,2121.9655172413795,0.08091533629187211,0
2024-12-04,0.99,0.9,0.7,0.9,0.1,0.5,0.0014477886658237932,1942.2,0.6,2121.9655172413795,0.08091533629187211,0
2024-12-05,0.99,0.9,0.7,0.9,0.1,0.5,0.0014477886658237932,1942.2,0.6,2121.9655172413795,0.08091533629187211,0
2024-12-06,0.99,0.9,0.7,0.9,0.1,0.5,0.0014471210716341376,1942.2,0.6,2121.9655172413795,0.08091533629187211,0
2024-12-09,0.99,0.9,0.7,0.9,0.1,0.5,0.0014471210716341376,1942.2,0.6,2121.9655172413795,0.08091533629187211,0
2024-12-10,0.99,0.9,0.7,0.9,0.1,0.5,0.0014465403120547545,1942.0,0.6,2115.3103448275865,0.0680462182254065,0
2024-12-11,0.99,0.9,0.7,0.9,0.1,0.5,0.001446262123147346,1942.0,0.6,2115.3103448275865,0.0680462182254065,0
2024-12-12,0.99,0.9,0.7,0.9,0.1,0.5,0.001444935531931071,1941.8,0.6,2108.6551724137935,0.0680462182254065,0
2024-12-13,0.99,0.9,0.7,0.9,0.1,0.5,0.001444935531931071,1941.8,0.6,2108.6551724137935,0.0680462182254065,0
2024-12-16,0.99,0.9,0.7,0.9,0.1,0.5,0.001444935531931071,1941.8,0.6,2108.6551724137935,0.0680462182254065,0
2024-12-17,0.99,0.9,0.7,0.9,0.1,0.5,0.001444935531931071,1941.8,0.6,2108.6551724137935,0.0680462182254065,0
2024-12-18,0.99,0.9,0.7,0.9,0.1,0.5,0.001444935531931071,1941.8,0.6,2108.6551724137935,0.0680462182254065,0
2024-12-19,0.99,0.9,0.7,0.9,0.1,0.5,0.0014435613777011413,1941.6,0.6,2102.0,0.08091533629187211,0
2024-12-20,0.99,0.9,0.7,0.9,0.1,0.5,0.001442174677912171,1941.4,0.6,2095.344827586207,0.0680462182254065,0
2024-12-23,0.99,0.9,0.7,0.9,0.1,0.5,0.0014418715729042281,1941.6,0.6,2102.0,0.0680462182254065,0
2024-12-24,0.99,0.9,0.7,0.9,0.1,0.5,0.0014417280982558258,1941.6,0.6,2102.0,0.0680462182254065,0
2024-12-25,0.99,0.9,0.7,0.9,0.1,0.5,0.0014415464690402029,1941.6,0.6,2102.0,0.0680462182254065,0
2024-12-26,0.99,0.9,0.7,0.9,0.1,0.5,0.0014413709784911694,1941.6,0.6,2102.0,0.0680462182254065,0
2024-12-27,0.99,0.9,0.7,0.9,0.1,0.5,0.0014413000522531156,1941.6,0.6,2102.0,0.0680462182254065,0
2024-12-30,0.99,0.9,0.7,0.9,0.1,0.5,0.0014410976745960018,1941.8,0.6,2108.6551724137935,0.0551771001589409,0
2024-12-31,0.99,0.9,0.7,0.9,0.1,0.5,0.0014410976745960018,1941.8,0.6,2108.6551724137935,0.0551771001589409,0
2025-01-02,0.99,0.9,0.7,0.9,0.1,0.5,0.0014410976745960018,1879.0,0.59,2115.3103448275865,0.0680462182254065,0
2025-01-03,0.99,0.9,0.7,0.9,0.1,0.5,0.001440793260469176,1760.6000000000001,0.5666666666666667,2121.9655172413795,0.08091533629187211,0
2025-01-06,0.99,0.9,0.7,0.9,0.1,0.5,0.0014410074457587272,1760.6000000000001,0.5666666666666667,2121.9655172413795,0.08091533629187211,0
2025-01-07,0.99,0.9,0.7,0.9,0.1,0.5,0.0014410976745960018,1774.6999999999998,0.5766666666666665,2127.472413793104,0.0680462182254065,0
2025-01-08,0.99,0.9,0.7,0.9,0.1,0.5,0.0014410976745960018,1774.6999999999998,0.5766666666666665,2127.472413793104,0.0680462182254065,0
2025-01-09,0.99,0.9,0.7,0.9,0.1,0.5,0.0014410074457587272,1760.6000000000001,0.5666666666666667,2121.9655172413795,0.08091533629187211,0
2025-01-10,0.99,0.9,0.7,0.9,0.1,0.5,0.0014408773849394875,1760.6000000000001,0.5666666666666667,2121.9655172413795,0.08091533629187211,0
2025-01-13,0.99,0.9,0.7,0.9,0.1,0.5,0.0014408773849394875,1760.6000000000001,0.5666666666666667,2121.9655172413795,0.08091533629187211,0
2025-01-14,0.99,0.9,0.7,0.9,0.1,0.5,0.0014410074457587272,1760.6000000000001,0.5666666666666667,2121.9655172413795,0.08091533629187211,0
2025-01-15,0.99,0.9,0.7,0.9,0.1,0.5,0.0014408773849394875,1760.6000000000001,0.5666666666666667,2121.9655172413795,0.08091533629187211,0
2025-01-16,0.99,0.9,0.7,0.9,0.1,0.5,0.0014407079004113798,1760.6000000000001,0.5666666666666667,2121.9655172413795,0.08091533629187211,0
2025-01-17,0.99,0.9,0.7,0.9,0.1,0.5,0.0014407079004113798,1760.6000000000001,0.5666666666666667,2121.9655172413795,0.08091533629187211,0
2025-01-20,0.99,0.9,0.7,0.9,0.1,0.5,0.0014407079004113798,1760.6000000000001,0.5666666666666667,2121.9655172413795,0.08091533629187211,0
2025-01-21,0.99,0.9,0.7,0.9,0.1,0.5,0.0014401600134784367,1732.3999999999999,0.58,2108.6551724137935,0.08091533629187211,0
2025-01-22,0.99,0.9,0.7,0.9,0.1,0.5,0.001440295981952052,1746.5,0.5666666666666667,2115.3103448275865,0.08091533629187211,0
2025-01-23,0.99,0.9,0.7,0.9,0.1,0.5,0.0014401600134784367,1732.3999999999999,0.58,2108.6551724137935,0.08091533629187211,0
2025-01-24,0.99,0.9,0.7,0.9,0.1,0.5,0.0014366331179969008,1704.2000000000005,0.6,2095.344827586207,0.0680462182254065,0
2025-01-27,0.99,0.9,0.7,0.9,0.1,0.5,0.001435899229970987,1718.3000000000006,0.6,2102.0,0.0680462182254065,0
2025-02-05,0.99,0.9,0.7,0.9,0.1,0.5,0.001435899229970987,1718.3000000000006,0.6,2102.0,0.0680462182254065,0
2025-02-06,0.99,0.9,0.7,0.9,0.1,0.5,0.001435899229970987,1718.3000000000006,0.6,2102.0,0.0680462182254065,0
2025-02-07,0.99,0.9,0.7,0.9,0.1,0.5,0.0014335750296163305,1718.3000000000006,0.6,2102.0,0.0680462182254065,0
2025-02-10,0.99,0.9,0.7,0.9,0.1,0.5,0.0014330002660357384,1718.3000000000006,0.6,2102.0,0.0680462182254065,0
2025-02-11,0.99,0.9,0.7,0.9,0.1,0.5,0.0014330002660357384,1718.3000000000006,0.6,2102.0,0.0680462182254065,0
2025-02-12,0.99,0.9,0.7,0.9,0.1,0.5,0.0014309618357128285,1732.3999999999999,0.6,2108.6551724137935,0.08091533629187211,0
2025-02-13,0.99,0.9,0.7,0.9,0.1,0.5,0.001428877721132964,1732.3999999999999,0.6,2108.6551724137935,0.08091533629187211,0
2025-02-14,0.99,0.9,0.7,0.9,0.1,0.5,0.0014282829488349044,1732.3999999999999,0.6,2108.6551724137935,0.08091533629187211,0
2025-02-17,0.99,0.9,0.7,0.9,0.1,0.5,0.0014266368154720102,1732.3999999999999,0.6,2108.6551724137935,0.08091533629187211,0
2025-02-18,0.99,0.9,0.7,0.9,0.1,0.5,0.0014263011342904174,1732.3999999999999,0.6,2108.6551724137935,0.08091533629187211,0
2025-02-19,0.99,0.9,0.7,0.9,0.1,0.5,0.0014246864906047878,1732.3999999999999,0.6,2108.6551724137935,0.08091533629187211,0
2025-02-20,0.99,0.9,0.7,0.9,0.1,0.5,0.0014235622499048147,1732.3999999999999,0.6,2108.6551724137935,0.08091533629187211,0
2025-02-21,0.99,0.9,0.7,0.9,0.1,0.5,0.0014209208472632043,1732.3999999999999,0.6,2108.6551724137935,0.08091533629187211,0
2025-02-24,0.99,0.9,0.7,0.9,0.1,0.5,0.0014187572055754806,1718.3000000000006,0.6,2102.0,0.09503423698753025,0
2025-02-25,0.99,0.9,0.7,0.9,0.1,0.5,0.001416763364016198,1732.3999999999999,0.6,2108.6551724137935,0.10915313768318838,0
2025-02-26,0.99,0.9,0.7,0.9,0.1,0.5,0.0014156562400083688,1732.3999999999999,0.58,2108.6551724137935,0.10915313768318838,0
2025-02-27,0.99,0.9,0.7,0.9,0.1,0.5,0.00141357422060704,1760.6000000000001,0.5666666666666667,2121.9655172413795,0.10915313768318838,0
2025-02-28,0.99,0.9,0.7,0.9,0.1,0.5,0.0014085906027104793,1746.5,0.5566666666666666,2055.4137931034484,0.11599880721673214,0
2025-03-03,0.99,0.9,0.7,0.9,0.1,0.5,0.0014083218961809104,1746.5,0.5566666666666666,2055.4137931034484,0.11599880721673214,0
2025-03-04,0.99,0.9,0.7,0.9,0.1,0.5,0.001407526993503313,1746.5,0.5566666666666666,2055.4137931034484,0.11599880721673214,0
2025-03-05,0.99,0.9,0.7,0.9,0.1,0.5,0.001406596403229948,1746.5,0.5566666666666666,2055.4137931034484,0.11599880721673214,0
2025-03-06,0.99,0.9,0.7,0.9,0.1,0.5,0.001406237078164183,1596.0000000000002,0.5333333333333333,2055.4137931034484,0.11599880721673214,0
2025-03-07,0.99,0.9,0.7,0.9,0.1,0.5,0.001401893994498652,1680.6000000000004,0.5333333333333333,2055.4137931034484,0.11257597244996026,0
2025-03-10,0.99,0.9,0.7,0.9,0.1,0.5,0.0013953900798977885,1714.6999999999998,0.5333333333333333,2067.5758620689658,0.11599880721673214,0
2025-03-11,0.99,0.9,0.7,0.9,0.1,0.5,0.0013939005052848044,1714.6999999999998,0.5333333333333333,2067.5758620689658,0.11599880721673214,0
2025-03-12,0.99,0.9,0.7,0.9,0.1,0.5,0.001393648908871173,1714.6999999999998,0.5333333333333333,2067.5758620689658,0.11599880721673214,0
2025-03-13,0.99,0.9,0.7,0.9,0.1,0.5,0.001393398219464986,1714.6999999999998,0.5333333333333333,2067.5758620689658,0.11599880721673214,0
2025-03-14,0.99,0.9,0.7,0.9,0.1,0.5,0.0013916909260611406,1891.4,0.5333333333333333,2055.4137931034484,0.11599880721673214,0
2025-03-17,0.99,0.9,0.7,0.9,0.1,0.5,0.001382823821636806,1903.8,0.5433333333333332,2067.5758620689658,0.11599880721673214,0
2025-03-18,0.99,0.9,0.7,0.9,0.1,0.5,0.0013704911185827835,2147.0,0.5966666666666666,1898.627586206897,0.10915313768318838,0
2025-03-19,0.99,0.9,0.7,0.9,0.1,0.5,0.0013489846688850343,2151.0,0.5733333333333331,1858.8551724137928,0.1574867392669832,0
2025-03-20,0.99,0.9,0.7,0.9,0.1,0.5,0.0013445198152071077,2150.5,0.5533333333333331,1819.0827586206904,0.19897467131723426,0
2025-03-21,0.99,0.9,0.7,0.9,0.1,0.5,0.0013347982814758668,2151.0,0.5333333333333333,1858.8551724137928,0.1809828484598654,0
2025-03-24,0.99,0.9,0.7,0.9,0.1,0.5,0.0013184282914886294,2151.5,0.5,1874.3206896551726,0.1809828484598654,0
2025-03-25,0.99,0.9,0.7,0.9,0.1,0.5,0.0013016302293403284,2251.0,0.5233333333333333,1937.7586206896551,0.1809828484598654,0
2025-03-26,0.99,0.9,0.7,0.9,0.1,0.5,0.0012871423083620406,2191.6000000000004,0.5,2177.0344827586205,0.2198117917663273,0
2025-03-27,0.99,0.9,0.7,0.9,0.1,0.5,0.0012801655192231905,2211.400000000001,0.5333333333333333,2177.0344827586205,0.3005866697578772,0
2025-03-28,0.99,0.9,0.7,0.9,0.1,0.5,0.0012666485693691497,2270.8,0.5333333333333333,2177.0344827586205,0.4801985975215299,0
2025-03-31,0.99,0.9,0.7,0.9,0.1,0.5,0.0012595790648227965,2310.4,0.5,2191.020689655172,0.4801985975215299,0
2025-04-01,0.99,0.9,0.7,0.9,0.1,0.5,0.001252556306590408,2290.6,0.5299999999999997,2184.0275862068966,0.4801985975215299,0
2025-04-02,0.99,0.9,0.7,0.9,0.1,0.5,0.0012272716115717954,2380.9,0.6666666666666666,2246.9655172413795,0.15757388343759893,0
2025-04-03,0.99,0.9,0.7,0.9,0.1,0.5,0.0012154004850369884,2370.6,0.6666666666666666,2246.9655172413795,0.10091202167105637,0
2025-04-07,0.99,0.9,0.7,0.9,0.1,0.5,0.0011882368671294154,2350.0,0.6666666666666666,2246.9655172413795,0.061920919795406475,8
2025-04-08,0.99,0.9,0.7,0.9,0.1,0.5,0.0011976524672030568,2150.0,0.6666666666666666,2246.9655172413795,0.08770584297858296,0
2025-04-09,0.99,0.9,0.7,0.9,0.1,0.5,0.0011967610907815483,2251.0,0.6666666666666666,2246.7172413793105,0.08770584297858296,0
2025-04-10,0.99,0.9,0.7,0.9,0.1,0.5,0.001195420433803568,2315.2,0.6666666666666666,2246.9655172413795,0.08770584297858296,0
2025-04-11,0.99,0.9,0.7,0.9,0.1,0.5,0.0011949384573256656,2321.0,0.6666666666666666,2246.9655172413795,0.08770584297858296,0
2025-04-14,0.99,0.9,0.7,0.9,0.1,0.5,0.0011941324831209383,2321.0,0.6666666666666666,2246.9655172413795,0.08770584297858296,0
2025-04-15,0.99,0.9,0.7,0.9,0.1,0.5,0.0011918022143065981,2391.2,0.6666666666666666,2246.9655172413795,0.09060645815716417,0
2025-04-16,0.99,0.9,0.7,0.9,0.1,0.5,0.0011912930783910083,2391.2,0.6666666666666666,2246.9655172413795,0.09060645815716417,0
2025-04-17,0.99,0.9,0.7,0.9,0.1,0.5,0.0011912930783910083,2401.5,0.6666666666666666,2246.7172413793105,0.09060645815716417,0
2025-04-18,0.99,0.9,0.7,0.9,0.1,0.5,0.0011912194823371037,2401.5,0.6666666666666666,2246.7172413793105,0.09060645815716417,0
2025-04-21,0.99,0.9,0.7,0.9,0.1,0.5,0.0011913557686219268,2391.2,0.6666666666666666,2246.4689655172415,0.09060645815716417,0
2025-04-22,0.99,0.9,0.7,0.9,0.1,0.5,0.0011918022143065981,2391.2,0.6666666666666666,2246.4689655172415,0.09060645815716417,0
2025-04-23,0.99,0.9,0.7,0.9,0.1,0.5,0.0011913557686219268,2391.2,0.6666666666666666,2246.4689655172415,0.09060645815716417,0
2025-04-24,0.99,0.9,0.7,0.9,0.1,0.5,0.0011918022143065981,2380.9000000000005,0.6666666666666666,2246.2206896551725,0.09060645815716417,0
2025-04-25,0.99,0.9,0.7,0.9,0.1,0.5,0.0011918022143065981,2380.9000000000005,0.6666666666666666,2246.2206896551725,0.09060645815716417,0
2025-04-28,0.99,0.9,0.7,0.9,0.1,0.5,0.0011912194823371037,2380.9000000000005,0.6666666666666666,2246.2206896551725,0.09060645815716417,0
2025-04-29,0.99,0.9,0.7,0.9,0.1,0.5,0.0011903023965902342,2380.9000000000005,0.6666666666666666,2246.2206896551725,0.09060645815716417,0
2025-04-30,0.99,0.9,0.7,0.9,0.1,0.5,0.0011913557686219268,2370.6000000000004,0.6666666666666666,2245.9724137931034,0.09060645815716417,0
2025-05-06,0.99,0.9,0.7,0.9,0.1,0.5,0.0011899379954441488,2370.6000000000004,0.6666666666666666,2245.9724137931034,0.09060645815716417,0
2025-05-07,0.99,0.9,0.7,0.9,0.1,0.5,0.0011899379954441488,2370.6000000000004,0.6666666666666666,2245.9724137931034,0.09060645815716417,0
2025-05-08,0.99,0.9,0.7,0.9,0.1,0.5,0.0011899379954441488,2370.6000000000004,0.6666666666666666,2245.9724137931034,0.09060645815716417,0
2025-05-09,0.99,0.9,0.7,0.9,0.1,0.5,0.0011899379954441488,2370.6000000000004,0.6666666666666666,2245.9724137931034,0.09060645815716417,0
2025-05-12,0.99,0.9,0.7,0.9,0.1,0.5,0.0011899379954441488,2370.6000000000004,0.6666666666666666,2245.9724137931034,0.09060645815716417,0
2025-05-13,0.99,0.9,0.7,0.9,0.1,0.5,0.0011896815659929083,2360.3,0.6666666666666666,2245.7241379310344,0.09350707333574537,0
2025-05-14,0.99,0.9,0.7,0.9,0.1,0.5,0.0011896815659929083,2360.3,0.6666666666666666,2245.7241379310344,0.09350707333574537,0
2025-05-15,0.99,0.9,0.7,0.9,0.1,0.5,0.0011894514952482968,2389.0,0.6666666666666666,2245.475862068966,0.09060645815716417,0
2025-05-16,0.99,0.9,0.7,0.9,0.1,0.5,0.0011882368671294154,2389.0,0.6666666666666666,2245.475862068966,0.09060645815716417,0
2025-05-19,0.99,0.9,0.7,0.9,0.1,0.5,0.0011877844858549545,2389.0,0.6666666666666666,2245.475862068966,0.09060645815716417,0
2025-05-20,0.99,0.9,0.7,0.9,0.1,0.5,0.00118717695830283,2389.0,0.6666666666666666,2245.475862068966,0.09060645815716417,0
2025-05-21,0.99,0.9,0.7,0.9,0.1,0.5,0.0011858990249397554,2381.2000000000003,0.6666666666666666,2245.227586206897,0.09720954750340087,0
2025-05-22,0.99,0.9,0.7,0.9,0.1,0.5,0.001184964446446019,2381.2000000000003,0.6666666666666666,2245.227586206897,0.09720954750340087,0
2025-05-23,0.99,0.9,0.7,0.9,0.1,0.5,0.0011839613108055407,2381.2000000000003,0.6666666666666666,2245.227586206897,0.09720954750340087,0
2025-05-26,0.99,0.9,0.7,0.9,0.1,0.5,0.001183651454479677,2377.3,0.6666666666666666,2244.979310344828,0.09350707333574537,0
2025-05-27,0.99,0.9,0.7,0.9,0.1,0.5,0.0011837186359357162,2377.3,0.6666666666666666,2244.979310344828,0.09350707333574537,0
2025-05-28,0.99,0.9,0.7,0.9,0.1,0.5,0.001183651454479677,2377.3,0.6666666666666666,2244.979310344828,0.09350707333574537,0
2025-05-29,0.99,0.9,0.7,0.9,0.1,0.5,0.001183651454479677,2377.3,0.6666666666666666,2244.979310344828,0.09350707333574537,0
2025-05-30,0.99,0.9,0.7,0.9,0.1,0.5,0.0011820944217639337,2373.4,0.6666666666666666,2244.731034482759,0.09060645815716417,0
2025-06-03,0.99,0.9,0.7,0.9,0.1,0.5,0.0011814191806085663,2373.4,0.6666666666666666,2244.731034482759,0.09060645815716417,0
2025-06-04,0.99,0.9,0.7,0.9,0.1,0.5,0.0011810257309395832,2373.4,0.6666666666666666,2244.731034482759,0.09060645815716417,0
2025-06-05,0.99,0.9,0.7,0.9,0.1,0.5,0.0011804579862637779,2373.4,0.6666666666666666,2244.731034482759,0.09060645815716417,0
2025-06-06,0.99,0.9,0.7,0.9,0.1,0.5,0.0011804579862637779,2373.4,0.6666666666666666,2244.731034482759,0.09060645815716417,0
2025-06-09,0.99,0.9,0.7,0.9,0.1,0.5,0.0011804579862637779,2373.4,0.6666666666666666,2244.731034482759,0.09060645815716417,0
2025-06-10,0.99,0.9,0.7,0.9,0.1,0.5,0.0011799725100508757,2373.4,0.6666666666666666,2244.731034482759,0.09060645815716417,0
2025-06-11,0.99,0.9,0.7,0.9,0.1,0.5,0.0011799725100508757,2373.4,0.6666666666666666,2244.731034482759,0.09060645815716417,0
2025-06-12,0.99,0.9,0.7,0.9,0.1,0.5,0.0011799725100508757,2373.4,0.6666666666666666,2244.731034482759,0.09060645815716417,0
2025-06-13,0.99,0.9,0.7,0.9,0.1,0.5,0.0011804579862637779,2373.4,0.6666666666666666,2244.731034482759,0.09060645815716417,0
2025-06-16,0.99,0.9,0.7,0.9,0.1,0.5,0.0011804579862637779,2373.4,0.6666666666666666,2244.731034482759,0.09060645815716417,0
2025-06-17,0.99,0.9,0.7,0.9,0.1,0.5,0.0011804579862637779,2373.4,0.6666666666666666,2244.731034482759,0.09060645815716417,0
2025-06-18,0.99,0.9,0.7,0.9,0.1,0.5,0.0011804579862637779,2373.4,0.6666666666666666,2244.731034482759,0.09060645815716417,0
2025-06-19,0.99,0.9,0.7,0.9,0.1,0.5,0.0011804579862637779,2373.4,0.6666666666666666,2244.731034482759,0.09060645815716417,0
2025-06-20,0.99,0.9,0.7,0.9,0.1,0.5,0.0011798254942039419,2369.5,0.6666666666666666,2244.4827586206898,0.08770584297858296,0
2025-06-23,0.99,0.9,0.7,0.9,0.1,0.5,0.0011798254942039419,2369.5,0.6666666666666666,2244.4827586206898,0.08770584297858296,0
2025-06-24,0.99,0.9,0.7,0.9,0.1,0.5,0.0011795976977787912,2365.6,0.6666666666666666,2234.9241379310342,0.08770584297858296,0
2025-06-25,0.99,0.9,0.7,0.9,0.1,0.5,0.0011797577233757374,2369.5,0.6666666666666666,2244.4827586206898,0.08770584297858296,0
2025-06-26,0.99,0.9,0.7,0.9,0.1,0.5,0.001179062732705369,2361.7000000000003,0.6666666666666666,2225.36551724138,0.09060645815716417,0
2025-06-27,0.99,0.9,0.7,0.9,0.1,0.5,0.0011791405435056294,2357.8,0.6666666666666666,2215.8068965517245,0.09060645815716417,0
2025-06-30,0.99,0.9,0.7,0.9,0.1,0.5,0.001179062732705369,2357.8,0.6666666666666666,2215.8068965517245,0.09060645815716417,0
2025-07-01,0.99,0.9,0.7,0.9,0.1,0.5,0.0011791405435056294,2357.8,0.6666666666666666,2215.8068965517245,0.09060645815716417,0
2025-07-02,0.99,0.9,0.7,0.9,0.1,0.5,0.0011791405435056294,2357.8,0.6666666666666666,2215.8068965517245,0.09060645815716417,0
2025-07-03,0.99,0.9,0.7,0.9,0.1,0.5,0.001179062732705369,2357.8,0.6666666666666666,2215.8068965517245,0.09060645815716417,0
2025-07-04,0.99,0.9,0.7,0.9,0.1,0.5,0.0011776490700911122,2357.8,0.6666666666666666,2215.8068965517245,0.08801106592096218,0
2025-07-07,0.99,0.9,0.7,0.9,0.1,0.5,0.0011774036195584079,2357.8,0.6666666666666666,2215.8068965517245,0.08801106592096218,0
2025-07-08,0.99,0.9,0.7,0.9,0.1,0.5,0.0011778603118532105,2353.9,0.6666666666666666,2206.248275862069,0.07271307567412791,1
2025-07-09,0.99,0.9,0.7,0.9,0.1,0.5,0.0011774036195584079,2344.2,0.6666666666666666,2196.689655172414,0.07496096828190393,0
2025-07-10,0.99,0.9,0.7,0.9,0.1,0.5,0.0011795976977787912,2357.8,0.6666666666666666,2215.8068965517245,0.07496096828190393,0
2025-07-11,0.99,0.9,0.7,0.9,0.1,0.5,0.0011797577233757374,2365.6,0.6666666666666666,1994.3103448275863,0.07720886088967996,0
2025-07-14,0.99,0.9,0.7,0.9,0.1,0.5,0.0011810257309395832,2361.7000000000003,0.6666666666666666,1994.3103448275863,0.07496096828190393,0
2025-07-15,0.99,0.9,0.7,0.9,0.1,0.5,0.0011812685559850229,2353.9,0.6666666666666666,1994.3103448275863,0.07496096828190393,0
2025-07-16,0.99,0.9,0.7,0.9,0.1,0.5,0.0011813377374668814,2357.8,0.6666666666666666,1994.3103448275863,0.07496096828190393,0
2025-07-17,0.99,0.9,0.7,0.9,0.1,0.5,0.0011804579862637779,2361.7000000000003,0.6666666666666666,1994.3103448275863,0.07271307567412791,0
2025-07-18,0.99,0.9,0.7,0.9,0.1,0.5,0.0011812685559850229,2365.6,0.6666666666666666,1994.3103448275863,0.07271307567412791,0
2025-07-21,0.99,0.9,0.7,0.9,0.1,0.5,0.0011812685559850229,2365.6,0.6666666666666666,1994.3103448275863,0.07271307567412791,0
2025-07-22,0.99,0.9,0.7,0.9,0.1,0.5,0.0011812685559850229,2321.0,0.6666666666666666,1994.3103448275863,0.07231475746960442,0
2025-07-23,0.99,0.9,0.7,0.9,0.1,0.5,0.0011802148804213601,2321.0,0.6666666666666666,1994.3103448275863,0.07231475746960442,0
2025-07-24,0.99,0.9,0.7,0.9,0.1,0.5,0.0011797577233757374,2315.2,0.6666666666666666,1994.3103448275863,0.07191643926508093,0
2025-07-25,0.99,0.9,0.7,0.9,0.1,0.5,0.001179338952597946,2315.2,0.6666666666666666,1994.3103448275863,0.07191643926508093,0
2025-07-28,0.99,0.9,0.7,0.9,0.1,0.5,0.001179062732705369,2303.6000000000004,0.6666666666666666,1994.3103448275863,0.07231475746960442,1
2025-07-29,0.99,0.9,0.7,0.9,0.1,0.5,0.0011786772209686758,2292.0,0.6666666666666666,1994.3103448275863,0.07231475746960442,0
2025-07-30,0.99,0.9,0.7,0.9,0.1,0.5,0.0011776835157407324,2292.0,0.6666666666666666,1994.3103448275863,0.07271307567412791,0
2025-07-31,0.99,0.9,0.7,0.9,0.1,0.5,0.0011767814566027081,2180.0000000000005,0.6666666666666666,1994.3103448275863,0.0800897578230535,0
2025-08-01,0.99,0.9,0.7,0.9,0.1,0.5,0.001176005786516687,2180.0000000000005,0.6666666666666666,1994.3103448275863,0.0800897578230535,0
2025-08-04,0.99,0.9,0.7,0.9,0.1,0.5,0.0011767814566027081,2278.0,0.6666666666666666,1994.3103448275863,0.07720886088967996,0
2025-08-05,0.99,0.9,0.7,0.9,0.1,0.5,0.0011776835157407324,2292.0,0.6666666666666666,1994.3103448275863,0.07496096828190393,0
2025-08-06,0.99,0.9,0.7,0.9,0.1,0.5,0.0011778590074738118,2278.0,0.6666666666666666,1994.3103448275863,0.07496096828190393,0
2025-08-07,0.99,0.9,0.7,0.9,0.1,0.5,0.0011786772209686758,2250.0000000000005,0.6666666666666666,1994.3103448275863,0.07496096828190393,0
2025-08-08,0.99,0.9,0.7,0.9,0.1,0.5,0.0011776835157407324,2250.0000000000005,0.6666666666666666,1994.3103448275863,0.07496096828190393,1
2025-08-11,0.99,0.9,0.7,0.9,0.1,0.5,0.001175847594221147,2222.0,0.6666666666666666,1994.3103448275863,0.0800897578230535,0
2025-08-12,0.99,0.9,0.7,0.9,0.1,0.5,0.001175847594221147,2208.0,0.6666666666666666,1994.3103448275863,0.07720886088967996,0
2025-08-13,0.99,0.9,0.7,0.9,0.1,0.5,0.0011758062810919294,2208.0,0.6666666666666666,1994.3103448275863,0.07720886088967996,0
2025-08-14,0.99,0.9,0.7,0.9,0.1,0.5,0.0011758062810919294,2194.0000000000005,0.6666666666666666,1994.3103448275863,0.07496096828190393,0
2025-08-15,0.99,0.9,0.7,0.9,0.1,0.5,0.0011756175223522737,2180.0000000000005,0.6666666666666666,1994.3103448275863,0.07720886088967996,1
2025-08-18,0.99,0.9,0.7,0.9,0.1,0.5,0.0011753754334666501,2152.0,0.6666666666666666,1994.3103448275863,0.07720886088967996,0
2025-08-19,0.99,0.9,0.7,0.9,0.1,0.5,0.0011756175223522737,2151.0,0.6666666666666666,1994.3103448275863,0.07720886088967996,0
2025-08-20,0.99,0.9,0.7,0.9,0.1,0.5,0.0011744547581117757,2128.6,0.6666666666666666,1994.3103448275863,0.07496096828190393,0
2025-08-21,0.99,0.9,0.7,0.9,0.1,0.5,0.0011741445236707205,2128.6,0.6666666666666666,1994.3103448275863,0.07271307567412791,0
2025-08-22,0.99,0.9,0.7,0.9,0.1,0.5,0.00117379816488907,2128.6,0.6666666666666666,1994.3103448275863,0.07271307567412791,1
2025-08-25,0.99,0.9,0.7,0.9,0.1,0.5,0.0011727387841566105,2128.6,0.6666666666666666,1994.3103448275863,0.07720886088967996,0
2025-08-26,0.99,0.9,0.7,0.9,0.1,0.5,0.001171817799004799,2091.8000000000006,0.6399999999999998,1994.3103448275863,0.08297065475642702,0
2025-08-27,0.99,0.9,0.7,0.9,0.1,0.5,0.0011712992064176534,2055.0,0.6533333333333331,1994.3103448275863,0.07784186521527747,0
2025-08-28,0.99,0.9,0.7,0.9,0.1,0.5,0.0011708773992420024,2073.4,0.6333333333333333,1994.3103448275863,0.07784186521527747,0
2025-08-29,0.99,0.9,0.7,0.9,0.1,0.5,0.0011685394948183422,1957.5,0.6333333333333333,1994.3103448275863,0.08483923915399154,0
2025-09-01,0.99,0.9,0.7,0.9,0.1,0.5,0.0011685394948183422,1956.4,0.6333333333333333,1994.3103448275863,0.08297065475642702,0
2025-09-02,0.99,0.9,0.7,0.9,0.1,0.5,0.0011685394948183422,2321.1000000000004,0.6333333333333333,1994.3103448275863,0.07784186521527747,0
2025-09-03,0.99,0.9,0.7,0.9,0.1,0.5,0.0011688866865921777,2321.1000000000004,0.6333333333333333,1994.3103448275863,0.07784186521527747,0
2025-09-04,0.99,0.9,0.7,0.9,0.1,0.5,0.0011683994411018743,2311.4,0.6333333333333333,1994.3103448275863,0.07784186521527747,0
2025-09-05,0.99,0.9,0.7,0.9,0.1,0.5,0.0011708773992420024,2401.6000000000004,0.6333333333333333,1994.3103448275863,0.07271307567412791,1
2025-09-08,0.99,0.9,0.7,0.9,0.1,0.5,0.0011707373420558897,2311.4,0.6333333333333333,1994.3103448275863,0.07784186521527747,0
2025-09-09,0.99,0.9,0.7,0.9,0.1,0.5,0.0011707373420558897,2301.7000000000003,0.6333333333333333,1994.3103448275863,0.07271307567412791,0
2025-09-10,0.99,0.9,0.7,0.9,0.1,0.5,0.0011694450007657656,2292.0,0.6333333333333333,1994.3103448275863,0.07271307567412791,0
2025-09-11,0.99,0.9,0.7,0.9,0.1,0.5,0.0011680336256002846,2259.0999999999995,0.6333333333333333,1994.3103448275863,0.07271307567412791,1
2025-09-12,0.99,0.9,0.7,0.9,0.1,0.5,0.0011657075681184993,2193.300000000001,0.6333333333333333,1994.3103448275863,0.07566814111371307,0
2025-09-15,0.99,0.9,0.7,0.9,0.1,0.5,0.0011632853409687428,2259.0999999999995,0.6333333333333333,1994.3103448275863,0.07566814111371307,0
2025-09-16,0.99,0.9,0.7,0.9,0.1,0.5,0.0011624839763988335,2226.199999999999,0.6333333333333333,1994.3103448275863,0.07566814111371307,0
2025-09-17,0.99,0.9,0.7,0.9,0.1,0.5,0.001161092678562339,2226.199999999999,0.6333333333333333,1994.3103448275863,0.07566814111371307,0
2025-09-18,0.99,0.9,0.7,0.9,0.1,0.5,0.0011601198763970678,2226.199999999999,0.6333333333333333,1994.3103448275863,0.07566814111371307,0
2025-09-19,0.99,0.9,0.7,0.9,0.1,0.5,0.0011592150211282486,2340.5,0.6333333333333333,1994.3103448275863,0.07431789773217454,0
2025-09-22,0.99,0.9,0.7,0.9,0.1,0.5,0.0011584913198470403,2127.5,0.6333333333333333,1994.3103448275863,0.07431789773217454,0
2025-09-23,0.99,0.9,0.7,0.9,0.1,0.5,0.0011583956722114516,2127.5,0.6333333333333333,1994.3103448275863,0.07431789773217454,0
2025-09-24,0.99,0.9,0.7,0.9,0.1,0.5,0.0011575877037188465,2361.5,0.6333333333333333,1994.3103448275863,0.07566814111371307,0
2025-09-25,0.99,0.9,0.7,0.9,0.1,0.5,0.0011562751105030575,2389.3,0.6333333333333333,1994.3103448275863,0.07566814111371307,0
2025-09-26,0.99,0.9,0.7,0.9,0.1,0.5,0.0011548845857295574,2403.2,0.6333333333333333,1994.3103448275863,0.07431789773217454,0
2025-09-29,0.99,0.9,0.7,0.9,0.1,0.5,0.001135992834656556,2361.5,0.6333333333333333,1581.1724137931035,0.07097967738814565,0
2025-09-30,0.99,0.9,0.7,0.9,0.1,0.5,0.001134553445925886,2127.5,0.6333333333333333,1571.1310344827587,0.06997096372245483,0
2025-10-09,0.99,0.9,0.7,0.9,0.1,0.5,0.0011327881626316384,1957.5,0.6333333333333333,1571.1310344827587,0.07026158200712421,0
2025-10-10,0.99,0.9,0.7,0.9,0.1,0.5,0.001132663675907713,1957.5,0.6333333333333333,1571.1310344827587,0.07026158200712421,0
2025-10-13,0.99,0.9,0.7,0.9,0.1,0.5,0.0011331162782102868,1956.4,0.6333333333333333,1569.6965517241379,0.06997096372245483,0
2025-10-14,0.99,0.9,0.7,0.9,0.1,0.5,0.001135370991795127,1922.0000000000007,0.6333333333333333,1562.9172413793103,0.07062062969763493,0
2025-10-15,0.99,0.9,0.7,0.9,0.1,0.5,0.0011360218095138165,1957.5,0.6333333333333333,1571.1310344827587,0.07026158200712421,0
2025-10-16,0.99,0.9,0.7,0.9,0.1,0.5,0.001135370991795127,1957.5,0.6333333333333333,1571.1310344827587,0.07026158200712421,0
2025-10-17,0.99,0.9,0.7,0.9,0.1,0.5,0.0011354994905042018,1958.6000000000001,0.6333333333333333,1562.9172413793103,0.07062062969763493,0
2025-10-20,0.99,0.9,0.7,0.9,0.1,0.5,0.001135370991795127,2243.800000000004,0.6333333333333333,1556.3379310344828,0.07026158200712421,0
2025-10-21,0.99,0.9,0.7,0.9,0.1,0.5,0.0011328706980352906,2150.2000000000025,0.6333333333333333,1555.0137931034483,0.06997096372245483,0
2025-10-22,0.99,0.9,0.7,0.9,0.1,0.5,0.0011328706980352906,2150.2000000000025,0.6333333333333333,1555.0137931034483,0.06997096372245483,0
2025-10-23,0.99,0.9,0.7,0.9,0.1,0.5,0.001132663675907713,2197.0,0.6333333333333333,1511.2310344827588,0.06968034543778545,0
2025-10-24,0.99,0.9,0.7,0.9,0.1,0.5,0.0011327881626316384,2197.0,0.6333333333333333,1511.2310344827588,0.06968034543778545,0
2025-10-27,0.99,0.9,0.7,0.9,0.1,0.5,0.001132663675907713,2243.800000000004,0.6333333333333333,1517.2965517241378,0.06968034543778545,0
2025-10-28,0.99,0.9,0.7,0.9,0.1,0.5,0.001132663675907713,2243.800000000004,0.6333333333333333,1517.2965517241378,0.06968034543778545,0
2025-10-29,0.99,0.9,0.7,0.9,0.1,0.5,0.0011326010404452155,2290.6000000000013,0.6333333333333333,1523.3620689655172,0.06968034543778545,0
2025-10-30,0.99,0.9,0.7,0.9,0.1,0.5,0.0011321013763071271,2290.6000000000013,0.6333333333333333,1523.3620689655172,0.06968034543778545,0
2025-10-31,0.99,0.9,0.7,0.9,0.1,0.5,0.0011323335954955848,2416.6000000000004,0.6333333333333333,1523.3620689655172,0.07033001141296555,0
2025-11-03,0.99,0.9,0.7,0.9,0.1,0.5,0.0011326010404452155,2416.6000000000004,0.6333333333333333,1523.3620689655172,0.07033001141296555,0
2025-11-04,0.99,0.9,0.7,0.9,0.1,0.5,0.0011326010404452155,2416.6000000000004,0.6333333333333333,1523.3620689655172,0.07033001141296555,0
2025-11-05,0.99,0.9,0.7,0.9,0.1,0.5,0.0011326108957714338,2416.6000000000004,0.6333333333333333,1523.3620689655172,0.07033001141296555,0
2025-11-06,0.99,0.9,0.7,0.9,0.1,0.5,0.0011328706980352906,2416.6000000000004,0.6333333333333333,1523.3620689655172,0.07033001141296555,0
2025-11-07,0.99,0.9,0.7,0.9,0.1,0.5,0.0011327881626316384,2421.3999999999996,0.6333333333333333,1529.4275862068966,0.07033001141296555,0
2025-11-10,0.99,0.9,0.7,0.9,0.1,0.5,0.0011334956900049776,2421.3999999999996,0.6333333333333333,1529.4275862068966,0.07033001141296555,0
2025-11-11,0.99,0.9,0.7,0.9,0.1,0.5,0.001135198850307386,2421.3999999999996,0.6333333333333333,1529.4275862068966,0.07033001141296555,0
2025-11-12,0.99,0.9,0.7,0.9,0.1,0.5,0.0011358297342441994,2426.2,0.6333333333333333,1535.493103448276,0.07097967738814565,0
2025-11-13,0.99,0.9,0.7,0.9,0.1,0.5,0.00113544982112172,2431.0,0.6333333333333333,1516.6551724137935,0.07097967738814565,0
2025-11-14,0.99,0.9,0.7,0.9,0.1,0.5,0.00113544982112172,2431.0,0.6333333333333333,1516.6551724137935,0.07097967738814565,0
2025-11-17,0.99,0.9,0.7,0.9,0.1,0.5,0.00113544982112172,2431.0,0.6333333333333333,1516.6551724137935,0.07097967738814565,0
2025-11-18,0.99,0.9,0.7,0.9,0.1,0.5,0.0011358362450798124,2431.0,0.6333333333333333,1516.6551724137935,0.07097967738814565,0
2025-11-19,0.99,0.9,0.7,0.9,0.1,0.5,0.0011360218095138165,2443.6,0.6333333333333333,1516.6551724137935,0.07097967738814565,0
2025-11-20,0.99,0.9,0.7,0.9,0.1,0.5,0.001135992834656556,2443.6,0.6333333333333333,1516.6551724137935,0.07097967738814565,0
2025-11-21,0.99,0.9,0.7,0.9,0.1,0.5,0.0011360218095138165,2443.6,0.6333333333333333,1516.6551724137935,0.07097967738814565,0
2025-11-24,0.99,0.9,0.7,0.9,0.1,0.5,0.001136210749887703,2443.6,0.6333333333333333,1516.6551724137935,0.07097967738814565,0
2025-11-25,0.99,0.9,0.7,0.9,0.1,0.5,0.001137330406563623,2443.6,0.6333333333333333,1516.6551724137935,0.07097967738814565,0
2025-11-26,0.99,0.9,0.7,0.9,0.1,0.5,0.0011375558738657694,2443.6,0.6333333333333333,1516.6551724137935,0.07097967738814565,0
2025-11-27,0.99,0.9,0.7,0.9,0.1,0.5,0.001137330406563623,2445.0,0.6333333333333333,1516.6551724137935,0.0696308880756465,0
2025-11-28,0.99,0.9,0.7,0.9,0.1,0.5,0.0011375558738657694,2445.0,0.6333333333333333,1516.6551724137935,0.0696308880756465,0
2025-12-01,0.99,0.9,0.7,0.9,0.1,0.5,0.0011380241283800315,2445.0,0.6333333333333333,1516.6551724137935,0.0696308880756465,0
2025-12-02,0.99,0.9,0.7,0.9,0.1,0.5,0.0011380816858944673,2445.0,0.6333333333333333,1516.6551724137935,0.0696308880756465,0
2025-12-03,0.99,0.9,0.7,0.9,0.1,0.5,0.0011380816858944673,2445.0,0.6333333333333333,1516.6551724137935,0.0696308880756465,0
2025-12-04,0.99,0.9,0.7,0.9,0.1,0.5,0.0011380816858944673,2457.8,0.6333333333333333,1529.0000000000005,0.0696308880756465,0
2025-12-05,0.99,0.9,0.7,0.9,0.1,0.5,0.0011380816858944673,2457.8,0.6333333333333333,1529.0000000000005,0.0696308880756465,0
2025-12-08,0.99,0.9,0.7,0.9,0.1,0.5,0.0011380241283800315,2457.8,0.6333333333333333,1529.0000000000005,0.0696308880756465,0
2025-12-09,0.99,0.9,0.7,0.9,0.1,0.5,0.0011380241283800315,2457.8,0.6333333333333333,1529.0000000000005,0.0696308880756465,0
2025-12-10,0.99,0.9,0.7,0.9,0.1,0.5,0.0011380241283800315,2457.8,0.6333333333333333,1529.0000000000005,0.0696308880756465,0
2025-12-11,0.99,0.9,0.7,0.9,0.1,0.5,0.0011375558738657694,2457.8,0.6333333333333333,1529.0000000000005,0.0696308880756465,0
2025-12-12,0.99,0.9,0.7,0.9,0.1,0.5,0.0011375558738657694,2470.6000000000004,0.6333333333333333,1541.3448275862067,0.0696308880756465,0
2025-12-15,0.99,0.9,0.7,0.9,0.1,0.5,0.0011375558738657694,2470.6000000000004,0.6333333333333333,1541.3448275862067,0.0696308880756465,0
2025-12-16,0.99,0.9,0.7,0.9,0.1,0.5,0.0011380241283800315,2457.8,0.6333333333333333,1564.2,0.07026158200712421,1
2025-12-17,0.99,0.9,0.7,0.9,0.1,0.5,0.0011380816858944673,2445.0,0.6333333333333333,1562.8862068965518,0.07062062969763493,0
2025-12-18,0.99,0.9,0.7,0.9,0.1,0.5,0.0011380816858944673,2445.0,0.6333333333333333,1562.8862068965518,0.07062062969763493,0
2025-12-19,0.99,0.9,0.7,0.9,0.1,0.5,0.0011383574862077073,2445.0,0.6333333333333333,1562.8862068965518,0.07062062969763493,0
2025-12-22,0.99,0.9,0.7,0.9,0.1,0.5,0.0011380816858944673,2457.8,0.6333333333333333,1564.2,0.07062062969763493,0
2025-12-23,0.99,0.9,0.7,0.9,0.1,0.5,0.0011383574862077073,2457.8,0.6333333333333333,1564.2,0.07062062969763493,0
2025-12-24,0.99,0.9,0.7,0.9,0.1,0.5,0.0011380816858944673,2457.8,0.6333333333333333,1564.2,0.07062062969763493,0
2025-12-25,0.99,0.9,0.7,0.9,0.1,0.5,0.0011380816858944673,2457.8,0.6333333333333333,1564.2,0.07062062969763493,0
2025-12-26,0.99,0.9,0.7,0.9,0.1,0.5,0.0011380816858944673,2457.8,0.6333333333333333,1564.2,0.07062062969763493,0
2025-12-29,0.99,0.9,0.7,0.9,0.1,0.5,0.0011380816858944673,2457.8,0.6333333333333333,1564.2,0.07062062969763493,0
2025-12-30,0.99,0.9,0.7,0.9,0.1,0.5,0.0011383574862077073,2457.8,0.6333333333333333,1564.2,0.07062062969763493,0
2025-12-31,0.99,0.9,0.7,0.9,0.1,0.5,0.001136210749887703,2470.6000000000004,0.6333333333333333,1565.5137931034483,0.07296765435063599,0
2026-01-05,0.99,0.9,0.7,0.9,0.1,0.5,0.0011358362450798124,2496.2,0.6333333333333333,1568.2620689655173,0.07197366586939082,0
2026-01-06,0.99,0.9,0.7,0.9,0.1,0.5,0.0011314014212227405,2470.6000000000004,0.6333333333333333,1565.5137931034483,0.07197366586939082,0
2026-01-07,0.99,0.9,0.7,0.9,0.1,0.5,0.0011284301247640439,2483.4000000000005,0.6333333333333333,1566.8275862068965,0.07097967738814565,0
2026-01-08,0.99,0.9,0.7,0.9,0.1,0.5,0.0011255072851586183,2496.2,0.6333333333333333,1568.2620689655173,0.07333649014854697,0
2026-01-09,0.99,0.9,0.7,0.9,0.1,0.5,0.0011203268643310987,2608.0,0.6333333333333333,1569.6965517241379,0.07296765435063599,0
2026-01-12,0.99,0.9,0.7,0.9,0.1,0.5,0.0011172902686340876,2594.0000000000005,0.6333333333333333,1566.8275862068965,0.07370532594645796,0
2026-01-13,0.99,0.9,0.7,0.9,0.1,0.5,0.0011157293964222843,2594.0000000000005,0.6333333333333333,1566.8275862068965,0.07370532594645796,0
2026-01-14,0.99,0.9,0.7,0.9,0.1,0.5,0.0011121632884153886,2587.0,0.6333333333333333,1565.5137931034483,0.07566814111371307,0
2026-01-15,0.99,0.9,0.7,0.9,0.1,0.5,0.001108205522580055,2547.3999999999996,0.6333333333333333,1575.4344827586208,0.07296765435063599,0
2026-01-16,0.99,0.9,0.7,0.9,0.1,0.5,0.0011055352170555447,2534.6000000000004,0.6333333333333333,1574.0,0.07296765435063599,0
2026-01-19,0.99,0.9,0.7,0.9,0.1,0.5,0.0011039171296957791,2560.2,0.6333333333333333,1576.8689655172413,0.07333649014854697,0
2026-01-20,0.99,0.9,0.7,0.9,0.1,0.5,0.0011031583035898262,2560.2,0.6333333333333333,1581.1724137931035,0.07566814111371307,0
2026-01-21,0.99,0.9,0.7,0.9,0.1,0.5,0.001100401820504765,2547.3999999999996,0.6333333333333333,1581.1724137931035,0.07677139501350377,0
2026-01-22,0.99,0.9,0.7,0.9,0.1,0.5,0.0010998699376877934,2560.2,0.6333333333333333,1581.1724137931035,0.07677139501350377,0
2026-01-23,0.99,0.9,0.7,0.9,0.1,0.5,0.0010989932332213263,2573.0,0.6333333333333333,1581.1724137931035,0.07677139501350377,0
2026-01-26,0.99,0.9,0.7,0.9,0.1,0.5,0.0010981169591993505,2580.0,0.6333333333333333,1581.1724137931035,0.07677139501350377,0
2026-01-27,0.99,0.9,0.7,0.9,0.1,0.5,0.001094518565451925,2580.0,0.6333333333333333,1581.1724137931035,0.07677139501350377,0
2026-01-28,0.99,0.9,0.7,0.9,0.1,0.5,0.0010924555958964108,2560.2,0.6333333333333333,1680.9758620689656,0.07787464891329446,3
2026-01-29,0.99,0.9,0.7,0.9,0.1,0.5,0.0010907374570019272,2574.8,0.6333333333333333,1680.9758620689656,0.08478734272485793,1
2026-01-30,0.99,0.9,0.7,0.9,0.1,0.5,0.0010890185776792657,2574.2,0.6333333333333333,1690.2413793103449,0.09214520498823185,0
2026-02-02,0.99,0.9,0.7,0.9,0.1,0.5,0.0010886564501933534,2574.4,0.6333333333333333,1692.0689655172414,0.09214520498823185,0
2026-02-03,0.99,0.9,0.7,0.9,0.1,0.5,0.0010874928613626238,2574.4,0.6333333333333333,1692.0689655172414,0.09364766422815465,0
2026-02-04,0.99,0.9,0.7,0.9,0.1,0.5,0.0010855113350774716,2574.2,0.6333333333333333,1690.2413793103449,0.09929074377958574,0
2026-02-05,0.99,0.9,0.7,0.9,0.1,0.5,0.001083659213035577,2574.6,0.6333333333333333,1747.696551724138,0.1032242502105,0
2026-02-06,0.99,0.9,0.7,0.9,0.1,0.5,0.0010804132816003137,2574.0,0.6333333333333333,1724.4517241379315,0.1075488344496257,0
2026-02-09,0.99,0.9,0.7,0.9,0.1,0.5,0.0010788223361876922,2574.2,0.6333333333333333,1732.1999999999998,0.1148482790286488,0
2026-02-10,0.99,0.9,0.7,0.9,0.1,0.5,0.001074626346917925,2615.8000000000006,0.6333333333333333,1732.1999999999998,0.1262782717154655,0
2026-02-11,0.99,0.9,0.7,0.9,0.1,0.5,0.0010722834605120884,2602.2000000000003,0.6333333333333333,1778.6896551724137,0.12494506922833047,0
2026-02-12,0.99,0.9,0.7,0.9,0.1,0.5,0.0010708919743026616,2615.8000000000006,0.6333333333333333,1778.6896551724137,0.12591537778645195,0
2026-02-13,0.99,0.9,0.7,0.9,0.1,0.5,0.0010667052908124189,2595.3999999999996,0.6333333333333333,1778.6896551724137,0.12433765459922252,0
2026-02-24,0.99,0.9,0.7,0.9,0.1,0.5,0.0010655860212675364,2581.8000000000006,0.6333333333333333,1778.6896551724137,0.12494506922833047,0
2026-02-25,0.99,0.9,0.7,0.9,0.1,0.5,0.0010644600415619164,2581.8000000000006,0.6333333333333333,1778.6896551724137,0.12591537778645195,0
2026-02-26,0.99,0.9,0.7,0.9,0.1,0.5,0.0010630351531906587,2581.8000000000006,0.6333333333333333,1778.6896551724137,0.12591537778645195,0
2026-02-27,0.99,0.9,0.7,0.9,0.1,0.5,0.0010610483944114978,2595.3999999999996,0.6333333333333333,1778.6896551724137,0.1337109239009487,0
2026-03-02,0.99,0.9,0.7,0.9,0.1,0.5,0.001060015705248425,2602.2000000000003,0.6333333333333333,1778.6896551724137,0.1337109239009487,0
2026-03-03,0.99,0.9,0.7,0.9,0.1,0.5,0.0010586174926698303,2615.8000000000006,0.6333333333333333,1778.6896551724137,0.1262782717154655,0
2026-03-04,0.99,0.9,0.7,0.9,0.1,0.5,0.001055770470337696,2609.0,0.6333333333333333,1778.6896551724137,0.1337109239009487,0
2026-03-05,0.99,0.9,0.7,0.9,0.1,0.5,0.0010545693441475852,2615.8000000000006,0.6333333333333333,1778.6896551724137,0.1262782717154655,0
